{"testCaseName":"ScreeningHappyPath","module":"SD","browser":"Chrome","status":"INFO","totalSteps":13,"passed":3,"failed":0,"startTime":"2024-08-23 19:21:19","endTime":null,"duration":null,"testSteps":[{"stepNo":1,"description":"","status":"INFO","startTime":"2024-08-23 19:21:19","endTime":"2024-08-23 19:21:19","duration":"00:00:00"},{"stepNo":2,"description":"Execute UserName  ====>  Navigate -> https://login.4.cares.cwds.ca.gov","status":"INFO","startTime":"2024-08-23 19:21:19","endTime":"2024-08-23 19:21:20","duration":"00:00:00"},{"stepNo":3,"description":"Username  ====>  Entered Text -> Auto_Hstaff1_ContraCosta_V1_SIT@nomail.ca.gov","status":"INFO","startTime":"2024-08-23 19:21:20","endTime":"2024-08-23 19:21:26","duration":"00:00:05"},{"stepNo":4,"description":"Username  ====>  Actual Value Displayed-->Auto_Hstaff1_ContraCosta_V1_SIT@nomail.ca.gov<--> Expected Value-->Auto_Hstaff1_ContraCosta_V1_SIT@nomail.ca.gov","status":"INFO","startTime":"2024-08-23 19:21:26","endTime":"2024-08-23 19:21:26","duration":"00:00:00"},{"stepNo":5,"description":"Password  ====>  Entered Text -> Cares@40134756379322","status":"INFO","startTime":"2024-08-23 19:21:26","endTime":"2024-08-23 19:21:27","duration":"00:00:00"},{"stepNo":6,"description":"Password  ====>  Actual Value Displayed-->Cares@40134756379322<--> Expected Value-->Cares@40134756379322","status":"INFO","startTime":"2024-08-23 19:21:27","endTime":"2024-08-23 19:21:27","duration":"00:00:00"},{"stepNo":7,"description":"SignIn  ====>  Click --> Sign in","status":"PASS","startTime":"2024-08-23 19:21:27","endTime":"2024-08-23 19:21:28","duration":"00:00:00"},{"stepNo":8,"description":"SelectApp  ====>  Click --> CWS-CARES (SIT V1)","status":"PASS","startTime":"2024-08-23 19:21:36","endTime":"2024-08-23 19:21:37","duration":"00:00:00"},{"stepNo":9,"description":"NewBtn  ====>  Click --> New","status":"PASS","startTime":"2024-08-23 19:21:52","endTime":"2024-08-23 19:21:52","duration":"00:00:00"},{"stepNo":10,"description":"Date  ====>  Entered Text -> 08/23/2024","status":"INFO","startTime":"2024-08-23 19:21:54","endTime":"2024-08-23 19:21:54","duration":"00:00:00"},{"stepNo":11,"description":"Date  ====>  Actual Value Displayed-->08/23/2024<--> Expected Value-->08/23/2024","status":"INFO","startTime":"2024-08-23 19:21:54","endTime":"2024-08-23 19:21:54","duration":"00:00:00"},{"stepNo":12,"description":"ScreeningName  ====>  Entered Text -> test1","status":"INFO","startTime":"2024-08-23 19:21:54","endTime":"2024-08-23 19:21:55","duration":"00:00:00"},{"stepNo":13,"description":"ScreeningName  ====>  Actual Value Displayed-->test1<--> Expected Value-->test1","status":"INFO","startTime":"2024-08-23 19:21:55","endTime":"2024-08-23 19:21:55","duration":"00:00:00"}],"currentStepData":{"currentStep":"ScreeningName  ====>  Actual Value Displayed-->test1<--> Expected Value-->test1","status":"INFO"}}