{"testCaseStats":{"inProgress":0,"passed":0,"failed":1,"pending":0,"skipped":0,"inprogress":0},"modules":[{"inProgress":0,"name":"SD","passed":0,"failed":1,"pending":0,"skipped":0,"inprogress":0}],"browsers":[{"inProgress":0,"name":"Chrome","passed":0,"failed":1,"pending":0,"skipped":0,"inprogress":0}],"testCases":[{"testCaseName":"SauceLabHappyPath","module":"SD","browser":"Chrome","status":"Failed","totalSteps":2,"passed":0,"failed":1,"startTime":"2024-08-07 13:11:06","endTime":null,"duration":null,"testSteps":[{"stepNo":1,"description":"","status":"INFO","startTime":"2024-08-07 13:11:06","endTime":"2024-08-07 13:11:06","duration":"00:00:00"},{"stepNo":2,"description":"Process  SauceLogin","status":"FAIL","startTime":"2024-08-07 13:11:06","endTime":"2024-08-07 13:11:06","duration":"00:00:00"}],"currentStepData":{"currentStep":"Process  SauceLogin","status":"FAIL"}}]}