{"testCaseStats":{"inProgress":0,"passed":1,"failed":0,"pending":1,"skipped":0,"inprogress":0},"modules":[{"inProgress":0,"name":"SD","passed":1,"failed":0,"pending":1,"skipped":0,"inprogress":0}],"browsers":[{"inProgress":0,"name":"Chrome","passed":1,"failed":0,"pending":1,"skipped":0,"inprogress":0}],"testCases":[{"testCaseName":"ScreeningHappyPath","module":"SD","browser":"Chrome","status":"Passed","totalSteps":8,"passed":2,"failed":0,"startTime":"2024-08-23 16:33:10","endTime":null,"duration":null,"testSteps":[{"stepNo":1,"description":"","status":"INFO","startTime":"2024-08-23 16:33:07","endTime":"2024-08-23 16:33:07","duration":"00:00:00"},{"stepNo":2,"description":"Execute UserName  ====>  Navigate -> https://login.4.cares.cwds.ca.gov","status":"INFO","startTime":"2024-08-23 16:33:30","endTime":"2024-08-23 16:33:42","duration":"00:00:12"},{"stepNo":3,"description":"Username  ====>  Entered Text -> Auto_Hstaff1_ContraCosta_V1_SIT@nomail.ca.gov","status":"INFO","startTime":"2024-08-23 16:33:42","endTime":"2024-08-23 16:34:36","duration":"00:00:53"},{"stepNo":4,"description":"Username  ====>  Actual Value Displayed-->Auto_Hstaff1_ContraCosta_V1_SIT@nomail.ca.gov<--> Expected Value-->Auto_Hstaff1_ContraCosta_V1_SIT@nomail.ca.gov","status":"INFO","startTime":"2024-08-23 16:34:36","endTime":"2024-08-23 16:34:36","duration":"00:00:00"},{"stepNo":5,"description":"Password  ====>  Entered Text -> Cares@40134756379322","status":"INFO","startTime":"2024-08-23 16:34:36","endTime":"2024-08-23 16:34:45","duration":"00:00:09"},{"stepNo":6,"description":"Password  ====>  Actual Value Displayed-->Cares@40134756379322<--> Expected Value-->Cares@40134756379322","status":"INFO","startTime":"2024-08-23 16:34:45","endTime":"2024-08-23 16:34:45","duration":"00:00:00"},{"stepNo":7,"description":"SignIn  ====>  Click --> Sign in","status":"PASS","startTime":"2024-08-23 16:34:46","endTime":"2024-08-23 16:34:48","duration":"00:00:02"},{"stepNo":8,"description":"SelectApp  ====>  Click --> CWS-CARES (SIT V1)","status":"PASS","startTime":"2024-08-23 16:35:50","endTime":"2024-08-23 16:35:57","duration":"00:00:06"}],"currentStepData":{"currentStep":"SelectApp  ====>  Click --> CWS-CARES (SIT V1)","status":"PASS"}}]}