{"testCaseName":"ScreeningHappyPath","module":"SD","browser":"Chrome","status":"PASS","totalSteps":9,"passed":3,"failed":0,"startTime":"2024-08-23 19:05:02","endTime":null,"duration":null,"testSteps":[{"stepNo":1,"description":"","status":"INFO","startTime":"2024-08-23 19:05:02","endTime":"2024-08-23 19:05:02","duration":"00:00:00"},{"stepNo":2,"description":"Execute UserName  ====>  Navigate -> https://login.4.cares.cwds.ca.gov","status":"INFO","startTime":"2024-08-23 19:05:02","endTime":"2024-08-23 19:05:03","duration":"00:00:01"},{"stepNo":3,"description":"Username  ====>  Entered Text -> Auto_Hstaff1_ContraCosta_V1_SIT@nomail.ca.gov","status":"INFO","startTime":"2024-08-23 19:05:03","endTime":"2024-08-23 19:05:09","duration":"00:00:05"},{"stepNo":4,"description":"Username  ====>  Actual Value Displayed-->Auto_Hstaff1_ContraCosta_V1_SIT@nomail.ca.gov<--> Expected Value-->Auto_Hstaff1_ContraCosta_V1_SIT@nomail.ca.gov","status":"INFO","startTime":"2024-08-23 19:05:09","endTime":"2024-08-23 19:05:09","duration":"00:00:00"},{"stepNo":5,"description":"Password  ====>  Entered Text -> Cares@40134756379322","status":"INFO","startTime":"2024-08-23 19:05:09","endTime":"2024-08-23 19:05:10","duration":"00:00:00"},{"stepNo":6,"description":"Password  ====>  Actual Value Displayed-->Cares@40134756379322<--> Expected Value-->Cares@40134756379322","status":"INFO","startTime":"2024-08-23 19:05:10","endTime":"2024-08-23 19:05:10","duration":"00:00:00"},{"stepNo":7,"description":"SignIn  ====>  Click --> Sign in","status":"PASS","startTime":"2024-08-23 19:05:10","endTime":"2024-08-23 19:05:10","duration":"00:00:00"},{"stepNo":8,"description":"SelectApp  ====>  Click --> CWS-CARES (SIT V1)","status":"PASS","startTime":"2024-08-23 19:05:19","endTime":"2024-08-23 19:05:19","duration":"00:00:00"},{"stepNo":9,"description":"NewBtn  ====>  Click --> New","status":"PASS","startTime":"2024-08-23 19:05:35","endTime":"2024-08-23 19:05:36","duration":"00:00:00"}],"currentStepData":{"currentStep":"NewBtn  ====>  Click --> New","status":"PASS"}}