{"testCaseStats":{"inProgress":0,"passed":0,"failed":1,"pending":0,"skipped":0,"inprogress":0},"modules":[{"inProgress":0,"name":"SD","passed":0,"failed":1,"pending":0,"skipped":0,"inprogress":0}],"browsers":[{"inProgress":0,"name":"Chrome","passed":0,"failed":1,"pending":0,"skipped":0,"inprogress":0}],"testCases":[{"testCaseName":"SauceLabHappyPath","module":"SD","browser":"Chrome","status":"Failed","totalSteps":18,"passed":9,"failed":2,"startTime":"2024-08-10 18:29:47","endTime":null,"duration":null,"testSteps":[{"stepNo":1,"description":"","status":"INFO","startTime":"2024-08-10 18:29:47","endTime":"2024-08-10 18:29:47","duration":"00:00:00"},{"stepNo":2,"description":"Execute UserName  ====>  Navigate -> https://www.saucedemo.com/","status":"INFO","startTime":"2024-08-10 18:29:47","endTime":"2024-08-10 18:29:47","duration":"00:00:00"},{"stepNo":3,"description":"Execute UserName  ====>  Entered Text -> standard_user","status":"INFO","startTime":"2024-08-10 18:29:47","endTime":"2024-08-10 18:29:48","duration":"00:00:00"},{"stepNo":4,"description":"Execute UserName  ====>  Actual Value Displayed-->standard_user<--> Expected Value-->standard_user","status":"INFO","startTime":"2024-08-10 18:29:48","endTime":"2024-08-10 18:29:48","duration":"00:00:00"},{"stepNo":5,"description":"Execute Password  ====>  Entered Text -> secret_sauce","status":"INFO","startTime":"2024-08-10 18:29:48","endTime":"2024-08-10 18:29:48","duration":"00:00:00"},{"stepNo":6,"description":"Execute Password  ====>  Actual Value Displayed-->secret_sauce<--> Expected Value-->secret_sauce","status":"INFO","startTime":"2024-08-10 18:29:48","endTime":"2024-08-10 18:29:48","duration":"00:00:00"},{"stepNo":7,"description":"VerifyKeyword HomePageLogo  ====>  Verify Element Displayed--null","status":"PASS","startTime":"2024-08-10 18:29:48","endTime":"2024-08-10 18:29:49","duration":"00:00:00"},{"stepNo":8,"description":"VerifyKeyword UserName  ====>  Verify Element Displayed--standard_user","status":"PASS","startTime":"2024-08-10 18:29:49","endTime":"2024-08-10 18:29:50","duration":"00:00:00"},{"stepNo":9,"description":"VerifyKeyword Password  ====>  Verify Element Displayed--secret_sauce","status":"PASS","startTime":"2024-08-10 18:29:50","endTime":"2024-08-10 18:29:50","duration":"00:00:00"},{"stepNo":10,"description":"VerifyKeyword BTN_LoginButton  ====>  Verify Element Displayed--Login","status":"PASS","startTime":"2024-08-10 18:29:50","endTime":"2024-08-10 18:29:51","duration":"00:00:00"},{"stepNo":11,"description":"Click BTN_LoginButton  ====>  Click --> Login","status":"PASS","startTime":"2024-08-10 18:29:51","endTime":"2024-08-10 18:29:52","duration":"00:00:00"},{"stepNo":12,"description":"","status":"INFO","startTime":"2024-08-10 18:29:53","endTime":"2024-08-10 18:29:53","duration":"00:00:00"},{"stepNo":13,"description":"Click BTN_Product1  ====>  Click --> Add to cart","status":"PASS","startTime":"2024-08-10 18:29:54","endTime":"2024-08-10 18:29:54","duration":"00:00:00"},{"stepNo":14,"description":"Click BTN_Product2  ====>  Click --> Add to cart","status":"PASS","startTime":"2024-08-10 18:29:56","endTime":"2024-08-10 18:29:57","duration":"00:00:00"},{"stepNo":15,"description":"Click BTN_Product3  ====>  Click --> Add to cart","status":"PASS","startTime":"2024-08-10 18:29:58","endTime":"2024-08-10 18:29:59","duration":"00:00:00"},{"stepNo":16,"description":"Click BTN_AddToCart  ====>  Click --> 3","status":"PASS","startTime":"2024-08-10 18:30:00","endTime":"2024-08-10 18:30:01","duration":"00:00:00"},{"stepNo":17,"description":"VerifyKeyword BTN_Product1","status":"FAIL","startTime":"2024-08-10 18:30:02","endTime":"2024-08-10 18:30:02","duration":"00:00:00"},{"stepNo":18,"description":"Process  SauceProduct","status":"FAIL","startTime":"2024-08-10 18:29:53","endTime":"2024-08-10 18:30:03","duration":"00:00:09"}],"currentStepData":{"currentStep":"Process  SauceProduct","status":"FAIL"}}]}