{"testCaseName":"SauceLabHappyPath","module":"SD","browser":"Chrome","status":"Failed","totalSteps":2,"passed":0,"failed":1,"startTime":"2024-08-07 14:05:45","endTime":"2024-08-07 14:05:56","duration":null,"testSteps":[{"stepNo":1,"description":"","status":"INFO","startTime":"2024-08-07 14:05:45","endTime":"2024-08-07 14:05:45","duration":"00:00:00"},{"stepNo":2,"description":"Process  SauceLogin","status":"FAIL","startTime":"2024-08-07 14:05:45","endTime":"2024-08-07 14:05:55","duration":"00:00:09"}],"currentStepData":{"currentStep":"Process  SauceLogin","status":"FAIL"}}