{"testCaseName":"LoginScreen","module":"SD","browser":"Chrome","status":"Passed","totalSteps":7,"passed":2,"failed":0,"startTime":"2024-08-23 15:09:05","endTime":"2024-08-23 15:10:52","duration":null,"testSteps":[{"stepNo":1,"description":"Execute UserName  ====>  Navigate -> https://login.4.cares.cwds.ca.gov/","status":"INFO","startTime":"2024-08-23 15:08:48","endTime":"2024-08-23 15:09:05","duration":"00:00:17"},{"stepNo":2,"description":"Username  ====>  Entered Text -> Auto_Hstaff1_ContraCosta_V1_SIT@nomail.ca.gov","status":"INFO","startTime":"2024-08-23 15:09:05","endTime":"2024-08-23 15:10:24","duration":"00:01:18"},{"stepNo":3,"description":"Username  ====>  Actual Value Displayed-->Auto_Hstaff1_ContraCosta_V1_SIT@nomail.ca.gov<--> Expected Value-->Auto_Hstaff1_ContraCosta_V1_SIT@nomail.ca.gov","status":"INFO","startTime":"2024-08-23 15:10:24","endTime":"2024-08-23 15:10:24","duration":"00:00:00"},{"stepNo":4,"description":"Password  ====>  Entered Text -> Cares@40134756379322","status":"INFO","startTime":"2024-08-23 15:10:24","endTime":"2024-08-23 15:10:25","duration":"00:00:00"},{"stepNo":5,"description":"Password  ====>  Actual Value Displayed-->Cares@40134756379322<--> Expected Value-->Cares@40134756379322","status":"INFO","startTime":"2024-08-23 15:10:25","endTime":"2024-08-23 15:10:25","duration":"00:00:00"},{"stepNo":6,"description":"SignIn  ====>  Click --> Sign in","status":"PASS","startTime":"2024-08-23 15:10:25","endTime":"2024-08-23 15:10:27","duration":"00:00:01"},{"stepNo":7,"description":"SelectApp  ====>  Click --> CWS-CARES (SIT V1)","status":"PASS","startTime":"2024-08-23 15:10:43","endTime":"2024-08-23 15:10:44","duration":"00:00:01"}],"currentStepData":{"currentStep":"SelectApp  ====>  Click --> CWS-CARES (SIT V1)","status":"PASS"}}