{
  "id": "403c164f-e475-4328-8449-2415d103281f",
  "version": "2.0",
  "name": "Age",
  "url": "http://localhost:3000",
  "tests": [{
    "id": "983cee06-780d-4b7a-853e-dcedd54a91fa",
    "name": "Untitled",
    "commands": [{
      "id": "a0f3347a-f5a3-4155-9bd3-28ab0a10481d",
      "comment": "Age_Header_English",
      "command": "verifyText",
      "target": "css=h1 > .english",
      "targets": [
        ["css=h1 > .english", "css:finder"],
        ["xpath=//h1/span", "xpath:position"],
        ["xpath=//span[contains(.,'How old are you?')]", "xpath:innerText"]
      ],
      "value": "How old are you?"
    }, {
      "id": "cc2ce9ad-6f0b-4881-95e5-2057bbab83cd",
      "comment": "Age_ProgressBar_English",
      "command": "verifyText",
      "target": "css=.progressBarContainer .english",
      "targets": [
        ["css=.progressBarContainer .english", "css:finder"],
        ["xpath=//div[2]/div[2]/span", "xpath:position"],
        ["xpath=//span[contains(.,'2/5 Pre-Application Survey')]", "xpath:innerText"]
      ],
      "value": "2/5 Pre-Application Survey"
    }, {
      "id": "e9c729f7-4d50-4a89-9ded-8232e3c436ef",
      "comment": "Age_Para1_English",
      "command": "verifyText",
      "target": "css=p:nth-child(1) > .english",
      "targets": [
        ["css=p:nth-child(1) > .english", "css:finder"],
        ["xpath=//p/span", "xpath:position"],
        ["xpath=//span[contains(.,'You need to be above a certain age to qualify for this program.')]", "xpath:innerText"]
      ],
      "value": "You need to be above a certain age to qualify for this program."
    }, {
      "id": "26f920ed-23fa-4abb-aac6-62576a5587f3",
      "comment": "Age_Error_English",
      "command": "verifyText",
      "target": "css=#ageError > .english",
      "targets": [
        ["css=#ageError > .english", "css:finder"],
        ["xpath=//div[@id='ageError']/span", "xpath:idRelative"],
        ["xpath=//section/div[2]/span", "xpath:position"],
        ["xpath=//span[contains(.,'Please enter a valid age between 0 and 120.')]", "xpath:innerText"]
      ],
      "value": "Please enter a valid age between 0 and 120."
    }, {
      "id": "a2570595-6ee6-49a2-9152-1cb3567d78da",
      "comment": "Age_AgeInput",
      "command": "type",
      "target": "id=ageInput",
      "targets": [
        ["id=ageInput", "id"],
        ["name=age", "name"],
        ["css=#ageInput", "css:finder"],
        ["xpath=//input[@id='ageInput']", "xpath:attributes"],
        ["xpath=//input", "xpath:position"]
      ],
      "value": "12"
    }, {
      "id": "f049ca39-2a46-4735-8498-31a000764f6b",
      "comment": "Age_Next_English",
      "command": "verifyText",
      "target": "css=#nextQuestionAgeBtn > .english",
      "targets": [
        ["css=#nextQuestionAgeBtn > .english", "css:finder"],
        ["xpath=//button[@id='nextQuestionAgeBtn']/span", "xpath:idRelative"],
        ["xpath=//section/button/span", "xpath:position"],
        ["xpath=//span[contains(.,'Next question -->')]", "xpath:innerText"]
      ],
      "value": "Next question -->"
    }, {
      "id": "75c723e1-5da5-480f-b524-340e58ed47e9",
      "comment": "Age_LanguageToggle_Spanish",
      "command": "click",
      "target": "css=#languageToggle > .english",
      "targets": [
        ["css=#languageToggle > .english", "css:finder"],
        ["xpath=//button[@id='languageToggle']/span", "xpath:idRelative"],
        ["xpath=//span", "xpath:position"],
        ["xpath=//span[contains(.,'Switch to Spanish')]", "xpath:innerText"]
      ],
      "value": ""
    }, {
      "id": "2551b4a0-468b-4f95-babb-4f6b98517533",
      "comment": "Age_Header_Spanish",
      "command": "verifyText",
      "target": "css=h1 > .spanish",
      "targets": [
        ["css=h1 > .spanish", "css:finder"],
        ["xpath=//h1/span[2]", "xpath:position"],
        ["xpath=//span[contains(.,'¿Cuántos años tienes?')]", "xpath:innerText"]
      ],
      "value": "¿Cuántos años tienes?"
    }, {
      "id": "79b7c721-4f25-4c67-a9d8-69dbb7cb497c",
      "comment": "Age_Para1_Spanish",
      "command": "verifyText",
      "target": "css=.progressBarContainer .spanish",
      "targets": [
        ["css=.progressBarContainer .spanish", "css:finder"],
        ["xpath=//div[2]/div[2]/span[2]", "xpath:position"],
        ["xpath=//span[contains(.,'2/5 Encuesta de preselección')]", "xpath:innerText"]
      ],
      "value": "2/5 Encuesta de preselección"
    }, {
      "id": "288ceb1e-9e59-4dbe-be35-0ff179a31a1b",
      "comment": "Age_Para2_Spanish",
      "command": "verifyText",
      "target": "css=p:nth-child(1) > .spanish",
      "targets": [
        ["css=p:nth-child(1) > .spanish", "css:finder"],
        ["xpath=//p/span[2]", "xpath:position"],
        ["xpath=//span[contains(.,'Debe tener más de cierta edad para calificar para este programa.')]", "xpath:innerText"]
      ],
      "value": "Debe tener más de cierta edad para calificar para este programa."
    }, {
      "id": "6478c7ff-87b9-4b65-9136-aa2081781470",
      "comment": "Age_Label_Spanish",
      "command": "verifyText",
      "target": "css=.spanish:nth-child(3)",
      "targets": [
        ["css=.spanish:nth-child(3)", "css:finder"],
        ["xpath=//span[3]", "xpath:position"],
        ["xpath=//span[contains(.,'Edad')]", "xpath:innerText"]
      ],
      "value": "Edad"
    }, {
      "id": "296570cc-c0f5-433d-bebd-f13a657eb449",
      "comment": "Age_Error_Spanish",
      "command": "verifyText",
      "target": "css=#ageError > .spanish",
      "targets": [
        ["css=#ageError > .spanish", "css:finder"],
        ["xpath=//div[@id='ageError']/span[2]", "xpath:idRelative"],
        ["xpath=//section/div[2]/span[2]", "xpath:position"],
        ["xpath=//span[contains(.,'Ingrese una edad válida entre 0 y 120.')]", "xpath:innerText"]
      ],
      "value": "Ingrese una edad válida entre 0 y 120."
    }, {
      "id": "d36ed3f0-44b9-42b9-b29b-9533d2bcd87e",
      "comment": "Age_Next_Spanish",
      "command": "verifyText",
      "target": "css=#nextQuestionAgeBtn > .spanish",
      "targets": [
        ["css=#nextQuestionAgeBtn > .spanish", "css:finder"],
        ["xpath=//button[@id='nextQuestionAgeBtn']/span[2]", "xpath:idRelative"],
        ["xpath=//section/button/span[2]", "xpath:position"],
        ["xpath=//span[contains(.,'Siguiente pregunta -->')]", "xpath:innerText"]
      ],
      "value": "Siguiente pregunta -->"
    }, {
      "id": "a04b0571-9450-411d-925b-b2b9b6302f35",
      "comment": "Age_LangiageToggle_Spanish",
      "command": "click",
      "target": "id=languageToggle",
      "targets": [
        ["id=languageToggle", "id"],
        ["css=#languageToggle", "css:finder"],
        ["xpath=//button[@id='languageToggle']", "xpath:attributes"],
        ["xpath=//button", "xpath:position"],
        ["xpath=//button[contains(.,'Switch to Spanish')]", "xpath:innerText"]
      ],
      "value": ""
    }]
  }],
  "suites": [{
    "id": "ead86346-7f70-4a88-bc94-48df94388c67",
    "name": "Default Suite",
    "persistSession": false,
    "parallel": false,
    "timeout": 300,
    "tests": ["983cee06-780d-4b7a-853e-dcedd54a91fa"]
  }],
  "urls": ["http://localhost:3000/"],
  "plugins": []
}