{
  "id": "655a321b-5f39-46aa-88fe-9c2cf7dbcb6e",
  "version": "2.0",
  "name": "test",
  "url": "http://localhost:3000",
  "tests": [{
    "id": "fb003da0-8222-4a0e-9f4c-889042e82188",
    "name": "Untitled",
    "commands": [{
      "id": "e8991201-8dae-4ac0-8fc0-a5b2ef814eef",
      "comment": "Eligible_Header_English",
      "command": "verifyText",
      "target": "css=h1 > .english",
      "targets": [
        ["css=h1 > .english", "css:finder"],
        ["xpath=//h1/span", "xpath:position"],
        ["xpath=//span[contains(.,'You may qualify for Family PACT!')]", "xpath:innerText"]
      ],
      "value": "You may qualify for Family PACT!"
    }, {
      "id": "e93d7f74-eb1f-4f81-850e-0c11bfcebd86",
      "comment": "Eligible_Text1_English",
      "command": "verifyText",
      "target": "css=p:nth-child(1) > .english",
      "targets": [
        ["css=p:nth-child(1) > .english", "css:finder"],
        ["xpath=//p/span", "xpath:position"]
      ],
      "value": "Here's what to expect from the application process."
    }, {
      "id": "1debd8c2-f779-4a2e-9f10-16f40dbab5bd",
      "comment": "Eligible_Text2_English",
      "command": "verifyText",
      "target": "css=.bullet-section:nth-child(2) > .bullet-title .english",
      "targets": [
        ["css=.bullet-section:nth-child(2) > .bullet-title .english", "css:finder"],
        ["xpath=//div/p/span", "xpath:position"],
        ["xpath=//span[contains(.,'Create & verify your account')]", "xpath:innerText"]
      ],
      "value": "Create & verify your account"
    }, {
      "id": "0f2d082b-efc1-4c9d-89c6-f2f69d22e07b",
      "comment": "Eligible_Text3_English",
      "command": "verifyText",
      "target": "css=.bullet-section:nth-child(2) > .description-text > .english",
      "targets": [
        ["css=.bullet-section:nth-child(2) > .description-text > .english", "css:finder"],
        ["xpath=//div[2]/span", "xpath:position"],
        ["xpath=//span[contains(.,'You will need to register a phone number or email address to apply.')]", "xpath:innerText"]
      ],
      "value": "You will need to register a phone number or email address to apply."
    }, {
      "id": "3a2d57d8-eb17-403a-993e-c2e887cbe72e",
      "comment": "Eligible_Text4_English",
      "command": "verifyText",
      "target": "css=.bullet-section:nth-child(3) > .bullet-title .english",
      "targets": [
        ["css=.bullet-section:nth-child(3) > .bullet-title .english", "css:finder"],
        ["xpath=//div[2]/div/p/span", "xpath:position"],
        ["xpath=//span[contains(.,'Fill out your Family PACT application')]", "xpath:innerText"]
      ],
      "value": "Fill out your Family PACT application"
    }, {
      "id": "5d6d08c1-16b4-44ea-aac3-195e3d6fa3bd",
      "comment": "Eligible_Text5_English",
      "command": "verifyText",
      "target": "css=.bullet-section:nth-child(3) > .description-text > .english",
      "targets": [
        ["css=.bullet-section:nth-child(3) > .description-text > .english", "css:finder"],
        ["xpath=//div[2]/div[2]/span", "xpath:position"],
        ["xpath=//span[contains(.,'We ask for more detail about you, your family size, your income, and health coverage.')]", "xpath:innerText"]
      ],
      "value": "We ask for more detail about you, your family size, your income, and health coverage."
    }, {
      "id": "0cb63941-3c67-4964-a916-8f5309bc0ccb",
      "comment": "Eligible_Text6_English",
      "command": "verifyText",
      "target": "css=.bullet-section:nth-child(4) > .bullet-title .english",
      "targets": [
        ["css=.bullet-section:nth-child(4) > .bullet-title .english", "css:finder"],
        ["xpath=//div[3]/div/p/span", "xpath:position"],
        ["xpath=//span[contains(.,'Get your eligibility result')]", "xpath:innerText"]
      ],
      "value": "Get your eligibility result"
    }, {
      "id": "c926b952-c306-4507-beeb-28f43f9e8ece",
      "comment": "Eligible_Text7_English",
      "command": "verifyText",
      "target": "css=.bullet-section:nth-child(4) > .description-text > .english",
      "targets": [
        ["css=.bullet-section:nth-child(4) > .description-text > .english", "css:finder"],
        ["xpath=//div[3]/div[2]/span", "xpath:position"],
        ["xpath=//span[contains(.,'Once you finish your application, we will let you know your result instantly. If you qualify, you can use your benefits right away.')]", "xpath:innerText"]
      ],
      "value": "Once you finish your application, we will let you know your result instantly. If you qualify, you can use your benefits right away."
    }, {
      "id": "6b34f24d-7798-4467-877c-81dc07559bbe",
      "comment": "Eligible_Button_English",
      "command": "verifyText",
      "target": "id=createAccountBtn",
      "targets": [
        ["id=createAccountBtn", "id"],
        ["css=#createAccountBtn", "css:finder"],
        ["xpath=//button[@id='createAccountBtn']", "xpath:attributes"],
        ["xpath=//div[4]/button", "xpath:position"],
        ["xpath=//button[contains(.,'Create my account')]", "xpath:innerText"]
      ],
      "value": "Create my account"
    }, {
      "id": "4cece94e-ca12-47da-9d0e-6e8fcd751688",
      "comment": "Eligible_LanguageToggle_Spanish",
      "command": "click",
      "target": "css=#languageToggle > .english",
      "targets": [
        ["css=#languageToggle > .english", "css:finder"],
        ["xpath=//button[@id='languageToggle']/span", "xpath:idRelative"],
        ["xpath=//span", "xpath:position"],
        ["xpath=//span[contains(.,'Switch to Spanish')]", "xpath:innerText"]
      ],
      "value": ""
    }, {
      "id": "964d422c-26cb-444d-ba46-6506485eb865",
      "comment": "Eligible_Header_Spanish",
      "command": "verifyText",
      "target": "css=h1 > .spanish",
      "targets": [
        ["css=h1 > .spanish", "css:finder"],
        ["xpath=//h1/span[2]", "xpath:position"],
        ["xpath=//span[contains(.,'¡Puede calificar para Family PACT!')]", "xpath:innerText"]
      ],
      "value": "¡Puede calificar para Family PACT!"
    }, {
      "id": "7f4f902b-ca48-4362-98bd-11365272372b",
      "comment": "Eligible_Text1_Spanish",
      "command": "verifyText",
      "target": "css=p:nth-child(1) > .spanish",
      "targets": [
        ["css=p:nth-child(1) > .spanish", "css:finder"],
        ["xpath=//p/span[2]", "xpath:position"],
        ["xpath=//span[contains(.,'Esto es lo que puede esperar del proceso de solicitud.')]", "xpath:innerText"]
      ],
      "value": "Esto es lo que puede esperar del proceso de solicitud."
    }, {
      "id": "113dc613-6dfc-40a4-b80f-8df46e3c5a56",
      "comment": "Eligible_Text2_Spanish",
      "command": "verifyText",
      "target": "css=.bullet-section:nth-child(2) > .bullet-title .spanish",
      "targets": [
        ["css=.bullet-section:nth-child(2) > .bullet-title .spanish", "css:finder"],
        ["xpath=//div/p/span[2]", "xpath:position"],
        ["xpath=//span[contains(.,'Cree y verifique su cuenta')]", "xpath:innerText"]
      ],
      "value": "Cree y verifique su cuenta"
    }, {
      "id": "a5aff9ca-4ffe-442c-850f-e0a0705eec94",
      "comment": "Eligible_Text3_Spanish",
      "command": "verifyText",
      "target": "css=.bullet-section:nth-child(3) > .bullet-title .spanish",
      "targets": [
        ["css=.bullet-section:nth-child(3) > .bullet-title .spanish", "css:finder"],
        ["xpath=//div[2]/div/p/span[2]", "xpath:position"],
        ["xpath=//span[contains(.,'Complete su solicitud de Family PACT')]", "xpath:innerText"]
      ],
      "value": "Complete su solicitud de Family PACT"
    }, {
      "id": "ee069c3d-844c-4d6c-8553-5b44dfbdc916",
      "comment": "Eligible_Text4_Spanish",
      "command": "verifyText",
      "target": "css=.bullet-section:nth-child(2) > .description-text > .spanish",
      "targets": [
        ["css=.bullet-section:nth-child(2) > .description-text > .spanish", "css:finder"],
        ["xpath=//div[2]/span[2]", "xpath:position"],
        ["xpath=//span[contains(.,'Deberá registrar un número de teléfono o dirección de correo electrónico para solicitar.')]", "xpath:innerText"]
      ],
      "value": "Deberá registrar un número de teléfono o dirección de correo electrónico para solicitar."
    }, {
      "id": "ddfe68da-2c6b-4e9a-8fc5-fb547b47af6b",
      "comment": "Eligible_Text5_Spanish",
      "command": "verifyText",
      "target": "css=.bullet-section:nth-child(3) > .description-text > .spanish",
      "targets": [
        ["css=.bullet-section:nth-child(3) > .description-text > .spanish", "css:finder"],
        ["xpath=//div[2]/div[2]/span[2]", "xpath:position"],
        ["xpath=//span[contains(.,'Solicitamos más detalles sobre usted, el tamaño de su familia, sus ingresos y cobertura médica.')]", "xpath:innerText"]
      ],
      "value": "Solicitamos más detalles sobre usted, el tamaño de su familia, sus ingresos y cobertura médica."
    }, {
      "id": "93ba9850-1d23-4be8-94d7-3887306e23f4",
      "comment": "Eligible_Text6_Spanish",
      "command": "verifyText",
      "target": "css=.bullet-section:nth-child(4) > .bullet-title .spanish",
      "targets": [
        ["css=.bullet-section:nth-child(4) > .bullet-title .spanish", "css:finder"],
        ["xpath=//div[3]/div/p/span[2]", "xpath:position"],
        ["xpath=//span[contains(.,'Obtenga el resultado de su elegibilidad')]", "xpath:innerText"]
      ],
      "value": "Obtenga el resultado de su elegibilidad"
    }, {
      "id": "2e8473dc-2026-4d78-b332-53545d110c0c",
      "comment": "Eligible_Text7_Spanish",
      "command": "verifyText",
      "target": "css=.bullet-section:nth-child(4) > .description-text > .spanish",
      "targets": [
        ["css=.bullet-section:nth-child(4) > .description-text > .spanish", "css:finder"],
        ["xpath=//div[3]/div[2]/span[2]", "xpath:position"],
        ["xpath=//span[contains(.,'Una vez que termine su solicitud, le informaremos su resultado al instante. Si califica, puede usar sus beneficios de inmediato.')]", "xpath:innerText"]
      ],
      "value": "Una vez que termine su solicitud, le informaremos su resultado al instante. Si califica, puede usar sus beneficios de inmediato."
    }, {
      "id": "7f38a569-244d-485b-8b0d-4dc71a975b07",
      "comment": "Eligible_Button_Spanish",
      "command": "verifyText",
      "target": "css=#createAccountBtn > .spanish",
      "targets": [
        ["css=#createAccountBtn > .spanish", "css:finder"],
        ["xpath=//button[@id='createAccountBtn']/span[2]", "xpath:idRelative"],
        ["xpath=//div[4]/button/span[2]", "xpath:position"],
        ["xpath=//span[contains(.,'Crear mi cuenta')]", "xpath:innerText"]
      ],
      "value": "Crear mi cuenta"
    }, {
      "id": "80ecd90a-1345-477f-bf09-22e95d3dfdc3",
      "comment": "Eligible_LanguageToggle_English",
      "command": "click",
      "target": "css=#languageToggle > .spanish",
      "targets": [
        ["css=#languageToggle > .spanish", "css:finder"],
        ["xpath=//button[@id='languageToggle']/span[2]", "xpath:idRelative"],
        ["xpath=//span[2]", "xpath:position"],
        ["xpath=//span[contains(.,'Cambiar a español')]", "xpath:innerText"]
      ],
      "value": ""
    }, {
      "id": "d060caee-1bca-41ca-9f38-45dbc5daff1c",
      "comment": "Eligible_CreateAccount",
      "command": "click",
      "target": "css=#createAccountBtn > .english",
      "targets": [
        ["css=#createAccountBtn > .english", "css:finder"],
        ["xpath=//button[@id='createAccountBtn']/span", "xpath:idRelative"],
        ["xpath=//div[4]/button/span", "xpath:position"],
        ["xpath=//span[contains(.,'Create my account')]", "xpath:innerText"]
      ],
      "value": ""
    }, {
      "id": "0f15ab49-8735-4f0b-a54a-4e7255c28e64",
      "comment": "Eligible_Title",
      "command": "verifyTitle",
      "target": "<span class=\"english\">Create My Account</span><span class=\"spanish\" hidden=\"\">Crear mi cuenta</span>",
      "targets": [],
      "value": ""
    }]
  }],
  "suites": [{
    "id": "1a0376b5-8dad-4fff-8fef-07c3e4185106",
    "name": "Default Suite",
    "persistSession": false,
    "parallel": false,
    "timeout": 300,
    "tests": ["fb003da0-8222-4a0e-9f4c-889042e82188"]
  }],
  "urls": ["http://localhost:3000/"],
  "plugins": []
}