{
  "id": "8f45481f-b9a3-46c9-a8a7-8c81c31f5186",
  "version": "2.0",
  "name": "FamilyService",
  "url": "http://localhost:3000",
  "tests": [{
    "id": "2c2c3ed9-7e77-42ae-9147-698f92ea1a76",
    "name": "FamilyService",
    "commands": [{
      "id": "f7ef1527-69cd-4931-988a-ea64461037ee",
      "comment": "FamilyService_Header_English",
      "command": "verifyText",
      "target": "css=h1 > .english",
      "targets": [
        ["css=h1 > .english", "css:finder"],
        ["xpath=//h1/span", "xpath:position"],
        ["xpath=//span[contains(.,'Do you need Family Planning services?')]", "xpath:innerText"]
      ],
      "value": "Do you need Family Planning services?"
    }, {
      "id": "430f3ac3-a77d-425b-a2ac-f87953306472",
      "comment": "FamilyService_ProgressBar_English",
      "command": "verifyText",
      "target": "css=.progressBarContainer .english",
      "targets": [
        ["css=.progressBarContainer .english", "css:finder"],
        ["xpath=//div[2]/div[2]/span", "xpath:position"],
        ["xpath=//span[contains(.,'5/5 Pre-Application Survey')]", "xpath:innerText"]
      ],
      "value": "5/5 Pre-Application Survey"
    }, {
      "id": "41315a19-6837-47eb-9476-4eae3a5082be",
      "comment": "FamilyService_Question_English",
      "command": "verifyText",
      "target": "css=p:nth-child(1) > .english",
      "targets": [
        ["css=p:nth-child(1) > .english", "css:finder"],
        ["xpath=//p/span", "xpath:position"]
      ],
      "value": "Family PACT can help with birth control, STD tests, and more. If you don't need these services, you may not qualify."
    }, {
      "id": "43021a93-6d34-4dd5-b702-c735800cba42",
      "comment": "FamilyService_SubQuestion_English",
      "command": "verifyText",
      "target": "css=.english:nth-child(2)",
      "targets": [
        ["css=.english:nth-child(2)", "css:finder"],
        ["xpath=//p[2]/span[2]", "xpath:position"],
        ["xpath=//span[contains(.,'Do you need these services?')]", "xpath:innerText"]
      ],
      "value": "Do you need these services?"
    }, {
      "id": "6672d08f-5e70-4b22-906c-5374292c693b",
      "comment": "FamilyService_Button_English",
      "command": "verifyText",
      "target": "css=#nextQuestionServicesBtn > .english",
      "targets": [
        ["css=#nextQuestionServicesBtn > .english", "css:finder"],
        ["xpath=//button[@id='nextQuestionServicesBtn']/span", "xpath:idRelative"],
        ["xpath=//section/button/span", "xpath:position"],
        ["xpath=//span[contains(.,'Next question -->')]", "xpath:innerText"]
      ],
      "value": "Next question -->"
    }, {
      "id": "456a7c44-0334-4f9f-9ec8-b8a64a06619a",
      "comment": "FamilyService_ButtonClick_English",
      "command": "click",
      "target": "id=nextQuestionServicesBtn",
      "targets": [
        ["id=nextQuestionServicesBtn", "id"],
        ["css=#nextQuestionServicesBtn", "css:finder"],
        ["xpath=//button[@id='nextQuestionServicesBtn']", "xpath:attributes"],
        ["xpath=//section/button", "xpath:position"],
        ["xpath=//button[contains(.,'Next question -->')]", "xpath:innerText"]
      ],
      "value": ""
    }, {
      "id": "ca7895cc-9a43-4ad3-ae2e-21acea494a4e",
      "comment": "FamilyService_SelectYes_English",
      "command": "click",
      "target": "id=servicesNo",
      "targets": [
        ["id=servicesNo", "id"],
        ["css=#servicesNo", "css:finder"],
        ["xpath=//input[@id='servicesNo']", "xpath:attributes"],
        ["xpath=//div[2]/input", "xpath:position"]
      ],
      "value": ""
    }, {
      "id": "d600175b-8e94-41d3-b7aa-0bb129c7f938",
      "comment": "FamilyService_SelectNo_English",
      "command": "click",
      "target": "id=servicesYes",
      "targets": [
        ["id=servicesYes", "id"],
        ["name=services", "name"],
        ["css=#servicesYes", "css:finder"],
        ["xpath=//input[@id='servicesYes']", "xpath:attributes"],
        ["xpath=//input", "xpath:position"]
      ],
      "value": ""
    }, {
      "id": "49c07ee3-2779-4046-8694-3750344a795b",
      "comment": "FamilyService_LanguageToggle_Spanish",
      "command": "click",
      "target": "css=#languageToggle > .english",
      "targets": [
        ["css=#languageToggle > .english", "css:finder"],
        ["xpath=//button[@id='languageToggle']/span", "xpath:idRelative"],
        ["xpath=//span", "xpath:position"],
        ["xpath=//span[contains(.,'Switch to Spanish')]", "xpath:innerText"]
      ],
      "value": ""
    }, {
      "id": "ba812449-104f-4eaa-ae25-4e1c9df9b839",
      "comment": "FamilyService_Header_Spanish",
      "command": "verifyText",
      "target": "css=h1 > .spanish",
      "targets": [
        ["css=h1 > .spanish", "css:finder"],
        ["xpath=//h1/span[2]", "xpath:position"],
        ["xpath=//span[contains(.,'¿Necesita servicios de planificación familiar?')]", "xpath:innerText"]
      ],
      "value": "¿Necesita servicios de planificación familiar?"
    }, {
      "id": "1f9e880c-8bde-4483-8b8e-2414eab45847",
      "comment": "FamilyService_ProgressBar_Spanish",
      "command": "verifyText",
      "target": "css=.progressBarContainer .spanish",
      "targets": [
        ["css=.progressBarContainer .spanish", "css:finder"],
        ["xpath=//div[2]/div[2]/span[2]", "xpath:position"],
        ["xpath=//span[contains(.,'5/5 Encuesta de preselección')]", "xpath:innerText"]
      ],
      "value": "5/5 Encuesta de preselección"
    }, {
      "id": "001dc4e4-65ec-46fb-97b9-d1e408210844",
      "comment": "FamilyService_Question_Spanish",
      "command": "verifyText",
      "target": "css=p:nth-child(1)",
      "targets": [
        ["css=p:nth-child(1)", "css:finder"],
        ["xpath=//p", "xpath:position"],
        ["xpath=//p[contains(.,'Family PACT puede ayudar con el control de la natalidad, pruebas de ETS y más. Si no necesita estos servicios, es posible que no califique.')]", "xpath:innerText"]
      ],
      "value": "Family PACT puede ayudar con el control de la natalidad, pruebas de ETS y más. Si no necesita estos servicios, es posible que no califique."
    }, {
      "id": "a466c162-3783-4f7e-bae8-c512324bdd40",
      "comment": "FamilyService_SubQuestion_Spanish",
      "command": "verifyText",
      "target": "css=.spanish:nth-child(3)",
      "targets": [
        ["css=.spanish:nth-child(3)", "css:finder"],
        ["xpath=//span[3]", "xpath:position"],
        ["xpath=//span[contains(.,'¿Necesita estos servicios?')]", "xpath:innerText"]
      ],
      "value": "¿Necesita estos servicios?"
    }, {
      "id": "d179832d-f2a1-4bd5-840d-c101c755b282",
      "comment": "FamilyService_Error_Spanish",
      "command": "verifyText",
      "target": "css=#servicesError > .spanish",
      "targets": [
        ["css=#servicesError > .spanish", "css:finder"],
        ["xpath=//div[@id='servicesError']/span[2]", "xpath:idRelative"],
        ["xpath=//div[3]/span[2]", "xpath:position"],
        ["xpath=//span[contains(.,'Seleccione sí o no.')]", "xpath:innerText"]
      ],
      "value": "Seleccione sí o no."
    }, {
      "id": "579177eb-78fd-4b16-b82a-9ffba7458d4e",
      "comment": "FamilyService_Next_Spanish",
      "command": "verifyText",
      "target": "css=#nextQuestionServicesBtn > .spanish",
      "targets": [
        ["css=#nextQuestionServicesBtn > .spanish", "css:finder"],
        ["xpath=//button[@id='nextQuestionServicesBtn']/span[2]", "xpath:idRelative"],
        ["xpath=//section/button/span[2]", "xpath:position"],
        ["xpath=//span[contains(.,'Siguiente pregunta -->')]", "xpath:innerText"]
      ],
      "value": "Siguiente pregunta -->"
    }, {
      "id": "1963232b-61ee-4d35-ae7a-a281556da573",
      "comment": "FamilyService_LanguageToggle_English",
      "command": "click",
      "target": "css=#languageToggle > .spanish",
      "targets": [
        ["css=#languageToggle > .spanish", "css:finder"],
        ["xpath=//button[@id='languageToggle']/span[2]", "xpath:idRelative"],
        ["xpath=//span[2]", "xpath:position"],
        ["xpath=//span[contains(.,'Cambiar a español')]", "xpath:innerText"]
      ],
      "value": ""
    }]
  }],
  "suites": [{
    "id": "d9acb87c-969c-47f7-8a51-5ce24535963a",
    "name": "Default Suite",
    "persistSession": false,
    "parallel": false,
    "timeout": 300,
    "tests": ["2c2c3ed9-7e77-42ae-9147-698f92ea1a76"]
  }],
  "urls": ["http://localhost:3000/"],
  "plugins": []
}