{
  "id": "623cabd8-8181-4065-afac-9e4ccac8fca1",
  "version": "2.0",
  "name": "HouseHold",
  "url": "http://localhost:3000",
  "tests": [{
    "id": "169e7b17-71b5-4959-926b-d2cd085f3ca1",
    "name": "HouseHold",
    "commands": [{
      "id": "c8082705-995a-49a7-a120-db07007955ce",
      "comment": "Houshold_Header_English",
      "command": "verifyText",
      "target": "css=h1 > .english",
      "targets": [
        ["css=h1 > .english", "css:finder"],
        ["xpath=//h1/span", "xpath:position"],
        ["xpath=//span[contains(.,'How many people are in your household?')]", "xpath:innerText"]
      ],
      "value": "How many people are in your household?"
    }, {
      "id": "e97cdb6c-e67d-43a5-a839-a4266b0c153a",
      "comment": "Houshold_ProgressBar_English",
      "command": "verifyText",
      "target": "css=.progressBarContainer .english",
      "targets": [
        ["css=.progressBarContainer .english", "css:finder"],
        ["xpath=//div[2]/div[2]/span", "xpath:position"],
        ["xpath=//span[contains(.,'4/5 Pre-Application Survey')]", "xpath:innerText"]
      ],
      "value": "4/5 Pre-Application Survey"
    }, {
      "id": "0d1d7943-afd1-4a5b-ac50-c52b3d644a33",
      "comment": "Houshold_Header_English",
      "command": "verifyText",
      "target": "css=p:nth-child(1) > .english",
      "targets": [
        ["css=p:nth-child(1) > .english", "css:finder"],
        ["xpath=//p/span", "xpath:position"],
        ["xpath=//span[contains(.,'Your household includes yourself, spouse, parents or guardians, and siblings.')]", "xpath:innerText"]
      ],
      "value": "Your household includes yourself, spouse, parents or guardians, and siblings."
    }, {
      "id": "09a1f6b5-aa53-419a-a3fd-184dd01491e9",
      "comment": "Houshold_Label_English",
      "command": "verifyText",
      "target": "css=.english:nth-child(2)",
      "targets": [
        ["css=.english:nth-child(2)", "css:finder"],
        ["xpath=//p[2]/span[2]", "xpath:position"],
        ["xpath=//span[contains(.,'People in household')]", "xpath:innerText"]
      ],
      "value": "People in household"
    }, {
      "id": "9aadc29f-9ff8-40b8-9618-8992954cbb44",
      "comment": "Houshold_Button_English",
      "command": "verifyText",
      "target": "css=#nextQuestionHouseholdBtn > .english",
      "targets": [
        ["css=#nextQuestionHouseholdBtn > .english", "css:finder"],
        ["xpath=//button[@id='nextQuestionHouseholdBtn']/span", "xpath:idRelative"],
        ["xpath=//section/button/span", "xpath:position"],
        ["xpath=//span[contains(.,'Next question')]", "xpath:innerText"]
      ],
      "value": "Next question"
    }, {
      "id": "4b4230ef-0f0c-46f9-8f1a-d0e05b605309",
      "comment": "Houshold_ButtonClick_English",
      "command": "click",
      "target": "css=#nextQuestionHouseholdBtn > .english",
      "targets": [
        ["css=#nextQuestionHouseholdBtn > .english", "css:finder"],
        ["xpath=//button[@id='nextQuestionHouseholdBtn']/span", "xpath:idRelative"],
        ["xpath=//section/button/span", "xpath:position"],
        ["xpath=//span[contains(.,'Next question')]", "xpath:innerText"]
      ],
      "value": ""
    }, {
      "id": "074ff0db-6e88-411c-b278-8882d810d6d1",
      "comment": "Houshold_Error_English",
      "command": "verifyText",
      "target": "css=#householdError > .english",
      "targets": [
        ["css=#householdError > .english", "css:finder"],
        ["xpath=//div[@id='householdError']/span", "xpath:idRelative"],
        ["xpath=//section/div[2]/span", "xpath:position"],
        ["xpath=//span[contains(.,'1. Please enter a valid number. 2. Allowable numbers: 1-9.')]", "xpath:innerText"]
      ],
      "value": "1. Please enter a valid number. 2. Allowable numbers: 1-9."
    }, {
      "id": "2b04bd0b-0f27-44bc-9dd6-87df71cb9d84",
      "comment": "Houshold_LanguageToggle_Spanish",
      "command": "click",
      "target": "css=#languageToggle > .english",
      "targets": [
        ["css=#languageToggle > .english", "css:finder"],
        ["xpath=//button[@id='languageToggle']/span", "xpath:idRelative"],
        ["xpath=//span", "xpath:position"],
        ["xpath=//span[contains(.,'Switch to Spanish')]", "xpath:innerText"]
      ],
      "value": ""
    }, {
      "id": "f696dec1-eaaa-4633-b476-659111e617c7",
      "comment": "Houshold_Header_Spanish",
      "command": "verifyText",
      "target": "css=h1 > .spanish",
      "targets": [
        ["css=h1 > .spanish", "css:finder"],
        ["xpath=//h1/span[2]", "xpath:position"],
        ["xpath=//span[contains(.,'¿Cuántas personas hay en tu hogar?')]", "xpath:innerText"]
      ],
      "value": "¿Cuántas personas hay en tu hogar?"
    }, {
      "id": "6fbd223f-192b-4c75-b568-2e8b7ce7e040",
      "comment": "Houshold_ProgressBar_Spanish",
      "command": "verifyText",
      "target": "css=.progressBarContainer .spanish",
      "targets": [
        ["css=.progressBarContainer .spanish", "css:finder"],
        ["xpath=//div[2]/div[2]/span[2]", "xpath:position"],
        ["xpath=//span[contains(.,'4/5 Encuesta de preselección')]", "xpath:innerText"]
      ],
      "value": "4/5 Encuesta de preselección"
    }, {
      "id": "12b2f68c-4a6b-4c52-83c9-b533b6096290",
      "comment": "Houshold_Para_Spanish",
      "command": "verifyText",
      "target": "css=p:nth-child(1) > .spanish",
      "targets": [
        ["css=p:nth-child(1) > .spanish", "css:finder"],
        ["xpath=//p/span[2]", "xpath:position"],
        ["xpath=//span[contains(.,'Tu hogar incluye a ti mismo, cónyuge, padres o tutores, y hermanos.')]", "xpath:innerText"]
      ],
      "value": "Tu hogar incluye a ti mismo, cónyuge, padres o tutores, y hermanos."
    }, {
      "id": "6ea8c027-8e87-4d69-9c78-15b22698ae93",
      "comment": "Houshold_Label_Spanish",
      "command": "verifyText",
      "target": "css=.spanish:nth-child(3)",
      "targets": [
        ["css=.spanish:nth-child(3)", "css:finder"],
        ["xpath=//span[3]", "xpath:position"],
        ["xpath=//span[contains(.,'Personas en el hogar')]", "xpath:innerText"]
      ],
      "value": "Personas en el hogar"
    }, {
      "id": "c09fb9f6-b0df-49ad-80bb-ac54378ea740",
      "comment": "Houshold_Error_Spanish",
      "command": "verifyText",
      "target": "css=#householdError > .spanish",
      "targets": [
        ["css=#householdError > .spanish", "css:finder"],
        ["xpath=//div[@id='householdError']/span[2]", "xpath:idRelative"],
        ["xpath=//section/div[2]/span[2]", "xpath:position"],
        ["xpath=//span[contains(.,'1. Por favor, introduce un número válido. 2. Los números permitidos son: 1-9.')]", "xpath:innerText"]
      ],
      "value": "1. Por favor, introduce un número válido. 2. Los números permitidos son: 1-9."
    }, {
      "id": "5ff0c8ed-e339-49e7-a61b-d8a85ffe0895",
      "comment": "Houshold_Button_Spanish",
      "command": "verifyText",
      "target": "css=#nextQuestionHouseholdBtn > .spanish",
      "targets": [
        ["css=#nextQuestionHouseholdBtn > .spanish", "css:finder"],
        ["xpath=//button[@id='nextQuestionHouseholdBtn']/span[2]", "xpath:idRelative"],
        ["xpath=//section/button/span[2]", "xpath:position"],
        ["xpath=//span[contains(.,'Siguiente pregunta')]", "xpath:innerText"]
      ],
      "value": "Siguiente pregunta"
    }, {
      "id": "73916d5c-04b8-41a4-878e-d5367a88df2c",
      "comment": "Houshold_LanguageToggle_English",
      "command": "click",
      "target": "id=languageToggle",
      "targets": [
        ["id=languageToggle", "id"],
        ["css=#languageToggle", "css:finder"],
        ["xpath=//button[@id='languageToggle']", "xpath:attributes"],
        ["xpath=//button", "xpath:position"],
        ["xpath=//button[contains(.,'Cambiar a español')]", "xpath:innerText"]
      ],
      "value": ""
    }, {
      "id": "2a3a56c1-e825-46dc-8fcc-308b40cc1f73",
      "comment": "Houshold_TextBox",
      "command": "type",
      "target": "id=householdInput",
      "targets": [
        ["id=householdInput", "id"],
        ["name=household", "name"],
        ["css=#householdInput", "css:finder"],
        ["xpath=//input[@id='householdInput']", "xpath:attributes"],
        ["xpath=//input", "xpath:position"]
      ],
      "value": "3"
    }]
  }],
  "suites": [{
    "id": "191c416d-fc8e-432a-8626-1306d0190e94",
    "name": "Default Suite",
    "persistSession": false,
    "parallel": false,
    "timeout": 300,
    "tests": ["169e7b17-71b5-4959-926b-d2cd085f3ca1"]
  }],
  "urls": ["http://localhost:3000/"],
  "plugins": []
}