{
  "id": "1ada4a0c-422b-4c59-893f-d015d3498b50",
  "version": "2.0",
  "name": "Income",
  "url": "http://localhost:3000",
  "tests": [{
    "id": "d21bfe53-9382-487a-960e-7c87190fc63e",
    "name": "Income",
    "commands": [{
      "id": "f1d2766f-acdb-4bcf-9240-f268bea6ed64",
      "comment": "Income_Header_English",
      "command": "verifyText",
      "target": "css=h1 > .english",
      "targets": [
        ["css=h1 > .english", "css:finder"],
        ["xpath=//h1/span", "xpath:position"]
      ],
      "value": "What's your annual income?"
    }, {
      "id": "f3e3f1b4-31c6-4933-8904-aaa33b595383",
      "comment": "Income_ProgressBar_English",
      "command": "verifyText",
      "target": "css=.progressBarContainer .english",
      "targets": [
        ["css=.progressBarContainer .english", "css:finder"],
        ["xpath=//div[2]/div[2]/span", "xpath:position"]
      ],
      "value": "3/5 Pre-Application Survey"
    }, {
      "id": "b99f7274-2b1e-47d9-8117-33ef6eb56bfe",
      "comment": "Income_Text_English",
      "command": "verifyText",
      "target": "css=p:nth-child(1) > .english",
      "targets": [
        ["css=p:nth-child(1) > .english", "css:finder"],
        ["xpath=//p/span", "xpath:position"],
        ["xpath=//span[contains(.,'We are asking because Family PACT is a program for people with low to no income.')]", "xpath:innerText"]
      ],
      "value": "We are asking because Family PACT is a program for people with low to no income."
    }, {
      "id": "aac30551-ce8d-495f-8e29-c77a7fb40274",
      "comment": "Income_Label_English",
      "command": "verifyText",
      "target": "css=.english:nth-child(2)",
      "targets": [
        ["css=.english:nth-child(2)", "css:finder"],
        ["xpath=//p[2]/span[2]", "xpath:position"],
        ["xpath=//span[contains(.,'Total Household Income')]", "xpath:innerText"]
      ],
      "value": "Total Household Income"
    }, {
      "id": "d4a47dcc-1932-4f35-a6cd-866149036d46",
      "comment": "Income_BTN_English",
      "command": "verifyText",
      "target": "css=#nextQuestionIncomeBtn > .english",
      "targets": [
        ["css=#nextQuestionIncomeBtn > .english", "css:finder"],
        ["xpath=//button[@id='nextQuestionIncomeBtn']/span", "xpath:idRelative"],
        ["xpath=//section/button/span", "xpath:position"],
        ["xpath=//span[contains(.,'Next question -->')]", "xpath:innerText"]
      ],
      "value": "Next question -->"
    }, {
      "id": "e4da0a27-435e-4947-9e38-06bacdbda654",
      "comment": "Income_Header_EnglishClick",
      "command": "click",
      "target": "css=#nextQuestionIncomeBtn > .english",
      "targets": [
        ["css=#nextQuestionIncomeBtn > .english", "css:finder"],
        ["xpath=//button[@id='nextQuestionIncomeBtn']/span", "xpath:idRelative"],
        ["xpath=//section/button/span", "xpath:position"],
        ["xpath=//span[contains(.,'Next question -->')]", "xpath:innerText"]
      ],
      "value": ""
    }, {
      "id": "aca91fef-d141-485d-91d2-529d1de26a42",
      "comment": "Income_LanguageToggle_Spanish",
      "command": "click",
      "target": "css=#languageToggle > .english",
      "targets": [
        ["css=#languageToggle > .english", "css:finder"],
        ["xpath=//button[@id='languageToggle']/span", "xpath:idRelative"],
        ["xpath=//span", "xpath:position"],
        ["xpath=//span[contains(.,'Switch to Spanish')]", "xpath:innerText"]
      ],
      "value": ""
    }, {
      "id": "64c45022-5ae0-45ca-bd2b-9c0030edcc83",
      "comment": "Income_Header_Spanish",
      "command": "verifyText",
      "target": "css=h1 > .spanish",
      "targets": [
        ["css=h1 > .spanish", "css:finder"],
        ["xpath=//h1/span[2]", "xpath:position"],
        ["xpath=//span[contains(.,'¿Cuál es su ingreso anual?')]", "xpath:innerText"]
      ],
      "value": "¿Cuál es su ingreso anual?"
    }, {
      "id": "a6c51236-b20f-47c4-a75b-11305e497274",
      "comment": "Income_ProgressBar_Spanish",
      "command": "verifyText",
      "target": "css=.progressBarContainer .spanish",
      "targets": [
        ["css=.progressBarContainer .spanish", "css:finder"],
        ["xpath=//div[2]/div[2]/span[2]", "xpath:position"]
      ],
      "value": "3/5 Encuesta de preselección"
    }, {
      "id": "1d34265d-9a9b-46b9-997c-3a0e81fb242c",
      "comment": "Income_Text_Spanish",
      "command": "verifyText",
      "target": "css=p:nth-child(1) > .spanish",
      "targets": [
        ["css=p:nth-child(1) > .spanish", "css:finder"],
        ["xpath=//p/span[2]", "xpath:position"],
        ["xpath=//span[contains(.,'Lo preguntamos porque Family PACT es un programa para personas con ingresos bajos o nulos.')]", "xpath:innerText"]
      ],
      "value": "Lo preguntamos porque Family PACT es un programa para personas con ingresos bajos o nulos."
    }, {
      "id": "26f03373-16fa-43d5-8367-1442027444bd",
      "comment": "Income_Label_Spanish",
      "command": "verifyText",
      "target": "css=.spanish:nth-child(3)",
      "targets": [
        ["css=.spanish:nth-child(3)", "css:finder"],
        ["xpath=//span[3]", "xpath:position"],
        ["xpath=//span[contains(.,'Ingreso total del hogar')]", "xpath:innerText"]
      ],
      "value": "Ingreso total del hogar"
    }, {
      "id": "b6f09b8c-b089-41b9-b890-c46c2c6ed2ab",
      "comment": "Income_Error_Spanish",
      "command": "verifyText",
      "target": "css=#incomeError > .spanish",
      "targets": [
        ["css=#incomeError > .spanish", "css:finder"],
        ["xpath=//div[@id='incomeError']/span[2]", "xpath:idRelative"],
        ["xpath=//section/div[2]/span[2]", "xpath:position"],
        ["xpath=//span[contains(.,'Ingrese un ingreso válido.')]", "xpath:innerText"]
      ],
      "value": "Ingrese un ingreso válido."
    }, {
      "id": "d85e3747-3034-4e79-bb49-1717e7bdff0d",
      "comment": "Income_Input",
      "command": "type",
      "target": "id=incomeInput",
      "targets": [
        ["id=incomeInput", "id"],
        ["name=income", "name"],
        ["css=#incomeInput", "css:finder"],
        ["xpath=//input[@id='incomeInput']", "xpath:attributes"],
        ["xpath=//input", "xpath:position"]
      ],
      "value": "100"
    }, {
      "id": "f1f35c15-52f4-467b-8b3b-48a28d4c58b7",
      "comment": "Income_LanguageToggle_English",
      "command": "click",
      "target": "id=languageToggle",
      "targets": [
        ["id=languageToggle", "id"],
        ["css=#languageToggle", "css:finder"],
        ["xpath=//button[@id='languageToggle']", "xpath:attributes"],
        ["xpath=//button", "xpath:position"],
        ["xpath=//button[contains(.,'Cambiar a español')]", "xpath:innerText"]
      ],
      "value": ""
    }]
  }],
  "suites": [{
    "id": "622eb2bd-1779-43ff-a7aa-552722ed74be",
    "name": "Default Suite",
    "persistSession": false,
    "parallel": false,
    "timeout": 300,
    "tests": ["d21bfe53-9382-487a-960e-7c87190fc63e"]
  }],
  "urls": ["http://localhost:3000/"],
  "plugins": []
}