{
  "id": "a1887460-15c9-4d3e-b0af-64118feba69d",
  "version": "2.0",
  "name": "Ineligible",
  "url": "http://localhost:3000",
  "tests": [{
    "id": "ba1bf271-ff53-48ac-9dd8-31dc76651e64",
    "name": "InEligib;e",
    "commands": [{
      "id": "803a78ac-0f99-4900-aaa8-441f7254a0b5",
      "comment": "InEligible_Header_English",
      "command": "verifyText",
      "target": "css=h1 > .english",
      "targets": [
        ["css=h1 > .english", "css:finder"],
        ["xpath=//h1/span", "xpath:position"],
        ["xpath=//span[contains(.,'You may not qualify for Family PACT.')]", "xpath:innerText"]
      ],
      "value": "You may not qualify for Family PACT."
    }, {
      "id": "039c70d2-eac5-454a-8178-9ae3230490a0",
      "comment": "InEligible_Text_English",
      "command": "verifyText",
      "target": "css=p > .english",
      "targets": [
        ["css=p > .english", "css:finder"],
        ["xpath=//p/span", "xpath:position"]
      ],
      "value": "Based on your answers, it looks like Family PACT might not be a good fit for you. Don't worry, you have other options for low-cost health coverage and family planning support. Go to Covered California to see if you qualify today."
    }, {
      "id": "5fa1df58-6766-4a78-9494-c797f6c97b66",
      "comment": "InEligible_Button_English",
      "command": "verifyText",
      "target": "css=#coveredCalBtn > .english",
      "targets": [
        ["css=#coveredCalBtn > .english", "css:finder"],
        ["xpath=//button[@id='coveredCalBtn']/span", "xpath:idRelative"],
        ["xpath=//section/button/span", "xpath:position"]
      ],
      "value": "Go to Covered California"
    }, {
      "id": "8f4ef4bb-8624-4a9c-b259-5ecff8d44aff",
      "comment": "InEligible_Link_English",
      "command": "verifyText",
      "target": "css=.secondary-button > .english",
      "targets": [
        ["css=.secondary-button > .english", "css:finder"],
        ["xpath=//a/span", "xpath:position"],
        ["xpath=//span[contains(.,'Continue to apply for Family PACT')]", "xpath:innerText"]
      ],
      "value": "Continue to apply for Family PACT"
    }, {
      "id": "78957032-68df-4709-928c-15010b013b71",
      "comment": "InEligible_LanguageToggle_Spanish",
      "command": "click",
      "target": "id=languageToggle",
      "targets": [
        ["id=languageToggle", "id"],
        ["css=#languageToggle", "css:finder"],
        ["xpath=//button[@id='languageToggle']", "xpath:attributes"],
        ["xpath=//button", "xpath:position"],
        ["xpath=//button[contains(.,'Switch to Spanish')]", "xpath:innerText"]
      ],
      "value": ""
    }, {
      "id": "5c0f25bd-e40f-425d-85c1-0d4688162aac",
      "comment": "InEligible_Header_Spanish",
      "command": "verifyText",
      "target": "css=h1 > .spanish",
      "targets": [
        ["css=h1 > .spanish", "css:finder"],
        ["xpath=//h1/span[2]", "xpath:position"],
        ["xpath=//span[contains(.,'Puede que no califiques para Family PACT.')]", "xpath:innerText"]
      ],
      "value": "Puede que no califiques para Family PACT."
    }, {
      "id": "798316d3-435c-4e69-82f7-ddd76dfef4dd",
      "comment": "InEligible_Text_Spanish",
      "command": "verifyText",
      "target": "css=p > .spanish",
      "targets": [
        ["css=p > .spanish", "css:finder"],
        ["xpath=//p/span[2]", "xpath:position"],
        ["xpath=//span[contains(.,'Basado en tus respuestas, parece que Family PACT podría no ser adecuado para ti. No te preocupes, tienes otras opciones de cobertura médica a bajo costo y apoyo en planificación familiar. Ve a Covered California para ver si calificas hoy.')]", "xpath:innerText"]
      ],
      "value": "Basado en tus respuestas, parece que Family PACT podría no ser adecuado para ti. No te preocupes, tienes otras opciones de cobertura médica a bajo costo y apoyo en planificación familiar. Ve a Covered California para ver si calificas hoy."
    }, {
      "id": "a4e34f53-654c-4a96-8bd0-934f3bc25738",
      "comment": "InEligible_Button_Spanish",
      "command": "verifyText",
      "target": "css=#coveredCalBtn > .spanish",
      "targets": [
        ["css=#coveredCalBtn > .spanish", "css:finder"],
        ["xpath=//button[@id='coveredCalBtn']/span[2]", "xpath:idRelative"],
        ["xpath=//section/button/span[2]", "xpath:position"],
        ["xpath=//span[contains(.,'Ir a Covered California')]", "xpath:innerText"]
      ],
      "value": "Ir a Covered California"
    }, {
      "id": "b159ce02-e4be-43d5-b54c-7d9d2107050b",
      "comment": "InEligible_Link_Spanish",
      "command": "verifyText",
      "target": "css=.secondary-button > .spanish",
      "targets": [
        ["css=.secondary-button > .spanish", "css:finder"],
        ["xpath=//a/span[2]", "xpath:position"],
        ["xpath=//span[contains(.,'Continúa para aplicar a Family PACT')]", "xpath:innerText"]
      ],
      "value": "Continúa para aplicar a Family PACT"
    }, {
      "id": "bde84753-2aa4-4cb5-8565-78dc9986479e",
      "comment": "InEligible_LanguageToggle_English",
      "command": "click",
      "target": "css=.secondary-button > .spanish",
      "targets": [
        ["css=.secondary-button > .spanish", "css:finder"],
        ["xpath=//a/span[2]", "xpath:position"],
        ["xpath=//span[contains(.,'Continúa para aplicar a Family PACT')]", "xpath:innerText"]
      ],
      "value": ""
    }, {
      "id": "12a1eb3e-5130-49b9-9ad5-83209241d59f",
      "comment": "InEligible_Title_CreateAccount",
      "command": "verifyTitle",
      "target": "<span class=\"english\">Create My Account</span><span class=\"spanish\" hidden=\"\">Crear mi cuenta</span>",
      "targets": [],
      "value": ""
    }]
  }],
  "suites": [{
    "id": "e3dca502-70f6-4fc0-8e2b-316887db7182",
    "name": "Default Suite",
    "persistSession": false,
    "parallel": false,
    "timeout": 300,
    "tests": ["ba1bf271-ff53-48ac-9dd8-31dc76651e64"]
  }],
  "urls": ["http://localhost:3000/"],
  "plugins": []
}