{
  "id": "e051086d-af7c-4bd1-ade9-3e453b5aad8e",
  "version": "2.0",
  "name": "OrangeHRMTestFlow",
  "url": "https://opensource-demo.orangehrmlive.com",
  "tests": [{
    "id": "b24a7f8b-3563-4019-bf57-f6a97e291510",
    "name": "PersonalDetails2",
    "commands": [{
      "id": "813498e6-bff5-44c8-9e56-f70620fb044b",
      "comment": "",
      "command": "open",
      "target": "/web/index.php/auth/login",
      "targets": [],
      "value": ""
    }, {
      "id": "056f241a-115f-441d-bb1f-8a9ed762dcfc",
      "comment": "",
      "command": "setWindowSize",
      "target": "1296x696",
      "targets": [],
      "value": ""
    }, {
      "id": "2b59676f-02a2-4963-9d1a-009d49be8421",
      "comment": "pimLink",
      "command": "click",
      "target": "linkText=PIM",
      "targets": [
        ["linkText=PIM", "linkText"],
        ["css=.oxd-main-menu-item-wrapper:nth-child(2) > .oxd-main-menu-item", "css:finder"],
        ["xpath=//div[@id='app']/div/div/aside/nav/div[2]/ul/li[2]/a", "xpath:idRelative"],
        ["xpath=//a[contains(@href, '/web/index.php/pim/viewPimModule')]", "xpath:href"],
        ["xpath=//li[2]/a", "xpath:position"],
        ["xpath=//a[contains(.,'PIM')]", "xpath:innerText"]
      ],
      "value": ""
    }, {
      "id": "46775c3c-9217-4981-aa81-b994ccfc1238",
      "comment": "",
      "command": "click",
      "target": "css=.oxd-autocomplete-text-input--focus > input",
      "targets": [
        ["css=.oxd-autocomplete-text-input--focus > input", "css:finder"],
        ["xpath=//div[@id='app']/div/div[2]/div[2]/div/div/div[2]/form/div/div/div/div/div[2]/div/div/input", "xpath:idRelative"],
        ["xpath=//div/div[2]/div/div/input", "xpath:position"]
      ],
      "value": ""
    }, {
      "id": "c11c8736-1b29-4c74-b72a-a6c68caa4e83",
      "comment": "searchTxtBx",
      "command": "type",
      "target": "css=.oxd-autocomplete-text-input--focus > input",
      "targets": [
        ["css=.oxd-autocomplete-text-input--focus > input", "css:finder"],
        ["xpath=//div[@id='app']/div/div[2]/div[2]/div/div/div[2]/form/div/div/div/div/div[2]/div/div/input", "xpath:idRelative"],
        ["xpath=//div/div[2]/div/div/input", "xpath:position"]
      ],
      "value": "Adithi Rai P"
    }, {
      "id": "7e4ea744-0b44-4163-b6f3-16033146665e",
      "comment": "",
      "command": "mouseUp",
      "target": "css=.oxd-grid-item:nth-child(5) > .oxd-input-group",
      "targets": [
        ["css=.oxd-grid-item:nth-child(5) > .oxd-input-group", "css:finder"],
        ["xpath=//div[@id='app']/div/div[2]/div[2]/div/div/div[2]/form/div/div/div[5]/div", "xpath:idRelative"],
        ["xpath=//div[5]/div", "xpath:position"]
      ],
      "value": ""
    }, {
      "id": "e897d9c1-5a8a-47d9-a2bc-d66fcdf18008",
      "comment": "firstNameClk",
      "command": "click",
      "target": "name=firstName",
      "targets": [
        ["name=firstName", "name"],
        ["css=.oxd-input--focus", "css:finder"],
        ["xpath=//input[@name='firstName']", "xpath:attributes"],
        ["xpath=//div[@id='app']/div/div[2]/div[2]/div/div/div/div[2]/div/form/div/div/div/div/div[2]/div/div[2]/input", "xpath:idRelative"],
        ["xpath=//div[2]/input", "xpath:position"]
      ],
      "value": ""
    }, {
      "id": "62084af4-bf22-4359-8529-02e9ccc499e8",
      "comment": "firstNameTxtBx",
      "command": "type",
      "target": "name=firstName",
      "targets": [
        ["name=firstName", "name"],
        ["css=.oxd-input--focus", "css:finder"],
        ["xpath=//input[@name='firstName']", "xpath:attributes"],
        ["xpath=//div[@id='app']/div/div[2]/div[2]/div/div/div/div[2]/div/form/div/div/div/div/div[2]/div/div[2]/input", "xpath:idRelative"],
        ["xpath=//div[2]/input", "xpath:position"]
      ],
      "value": "Aditya"
    }, {
      "id": "5d470cc6-c309-489f-aa18-d763c972978d",
      "comment": "",
      "command": "type",
      "target": "name=middleName",
      "targets": [
        ["name=middleName", "name"],
        ["css=.oxd-input--focus", "css:finder"],
        ["xpath=//input[@name='middleName']", "xpath:attributes"],
        ["xpath=//div[@id='app']/div/div[2]/div[2]/div/div/div/div[2]/div/form/div/div/div/div/div[2]/div[2]/div[2]/input", "xpath:idRelative"],
        ["xpath=//div[2]/div[2]/input", "xpath:position"]
      ],
      "value": "P"
    }, {
      "id": "452104f0-e7cc-4bf8-9c1d-c46d89805548",
      "comment": "",
      "command": "type",
      "target": "name=lastName",
      "targets": [
        ["name=lastName", "name"],
        ["css=.oxd-input--focus", "css:finder"],
        ["xpath=//input[@name='lastName']", "xpath:attributes"],
        ["xpath=//div[@id='app']/div/div[2]/div[2]/div/div/div/div[2]/div/form/div/div/div/div/div[2]/div[3]/div[2]/input", "xpath:idRelative"],
        ["xpath=//div[3]/div[2]/input", "xpath:position"]
      ],
      "value": "Ray"
    }, {
      "id": "47745f93-6fa6-4e42-8839-acf0c58f9b17",
      "comment": "",
      "command": "click",
      "target": "css=.oxd-input--focus",
      "targets": [
        ["css=.oxd-input--focus", "css:finder"],
        ["xpath=//div[@id='app']/div/div[2]/div[2]/div/div/div/div[2]/div/form/div/div[2]/div/div/div[2]/input", "xpath:idRelative"],
        ["xpath=//div[2]/div/div/div[2]/input", "xpath:position"]
      ],
      "value": ""
    }, {
      "id": "c3a4385b-c598-41de-b588-b90594063d0f",
      "comment": "",
      "command": "type",
      "target": "css=.oxd-input--focus",
      "targets": [
        ["css=.oxd-input--focus", "css:finder"],
        ["xpath=//div[@id='app']/div/div[2]/div[2]/div/div/div/div[2]/div/form/div/div[2]/div/div/div[2]/input", "xpath:idRelative"],
        ["xpath=//div[2]/div/div/div[2]/input", "xpath:position"]
      ],
      "value": "APR"
    }, {
      "id": "d3fbd7b8-8ee6-4335-a942-488e2b0ee54f",
      "comment": "",
      "command": "click",
      "target": "css=.oxd-input--focus",
      "targets": [
        ["css=.oxd-input--focus", "css:finder"],
        ["xpath=//div[@id='app']/div/div[2]/div[2]/div/div/div/div[2]/div/form/div[2]/div/div[2]/div/div[2]/input", "xpath:idRelative"],
        ["xpath=//div[2]/div/div[2]/div/div[2]/input", "xpath:position"]
      ],
      "value": ""
    }, {
      "id": "2436c660-4f4f-40a5-a3e3-f4aa5482f29a",
      "comment": "",
      "command": "type",
      "target": "css=.oxd-input--focus",
      "targets": [
        ["css=.oxd-input--focus", "css:finder"],
        ["xpath=//div[@id='app']/div/div[2]/div[2]/div/div/div/div[2]/div/form/div[2]/div/div[2]/div/div[2]/input", "xpath:idRelative"],
        ["xpath=//div[2]/div/div[2]/div/div[2]/input", "xpath:position"]
      ],
      "value": "aditya.ray"
    }, {
      "id": "c028bc88-d18a-486a-ae06-41bf4924dbae",
      "comment": "",
      "command": "click",
      "target": "css=.oxd-input--focus",
      "targets": [
        ["css=.oxd-input--focus", "css:finder"],
        ["xpath=//div[@id='app']/div/div[2]/div[2]/div/div/div/div[2]/div/form/div[2]/div[2]/div/div/div[2]/input", "xpath:idRelative"],
        ["xpath=//div[2]/div[2]/div/div/div[2]/input", "xpath:position"]
      ],
      "value": ""
    }, {
      "id": "038b04b3-cbd7-40cd-b830-d798b9d0e5ef",
      "comment": "",
      "command": "type",
      "target": "css=.oxd-input--focus",
      "targets": [
        ["css=.oxd-input--focus", "css:finder"],
        ["xpath=//div[@id='app']/div/div[2]/div[2]/div/div/div/div[2]/div/form/div[2]/div[2]/div/div/div[2]/input", "xpath:idRelative"],
        ["xpath=//div[2]/div[2]/div/div/div[2]/input", "xpath:position"]
      ],
      "value": "7489382983"
    }, {
      "id": "62a7a37d-a9bb-4ef6-ab5f-7385171ac78b",
      "comment": "",
      "command": "click",
      "target": "css=.oxd-input--focus",
      "targets": [
        ["css=.oxd-input--focus", "css:finder"],
        ["xpath=//div[@id='app']/div/div[2]/div[2]/div/div/div/div[2]/div/form/div[2]/div[2]/div[2]/div/div[2]/div/div/input", "xpath:idRelative"],
        ["xpath=//div[2]/div[2]/div/div[2]/div/div/input", "xpath:position"]
      ],
      "value": ""
    }, {
      "id": "4b67d081-d6aa-4ff5-9f52-9dd54ae694f9",
      "comment": "",
      "command": "type",
      "target": "css=.oxd-input--focus",
      "targets": [
        ["css=.oxd-input--focus", "css:finder"],
        ["xpath=//div[@id='app']/div/div[2]/div[2]/div/div/div/div[2]/div/form/div[2]/div[2]/div[2]/div/div[2]/div/div/input", "xpath:idRelative"],
        ["xpath=//div[2]/div[2]/div/div[2]/div/div/input", "xpath:position"]
      ],
      "value": "2028-08-31"
    }, {
      "id": "d49be7c2-db79-42c5-8a31-4359a063f23b",
      "comment": "",
      "command": "click",
      "target": "css=.oxd-input--focus",
      "targets": [
        ["css=.oxd-input--focus", "css:finder"],
        ["xpath=//div[@id='app']/div/div[2]/div[2]/div/div/div/div[2]/div/form/div[2]/div[3]/div/div/div[2]/input", "xpath:idRelative"],
        ["xpath=//div[3]/div/div/div[2]/input", "xpath:position"]
      ],
      "value": ""
    }, {
      "id": "f8d65d91-2e46-4dc7-ae90-cd32f27c04e1",
      "comment": "",
      "command": "type",
      "target": "css=.oxd-input--focus",
      "targets": [
        ["css=.oxd-input--focus", "css:finder"],
        ["xpath=//div[@id='app']/div/div[2]/div[2]/div/div/div/div[2]/div/form/div[2]/div[3]/div/div/div[2]/input", "xpath:idRelative"],
        ["xpath=//div[3]/div/div/div[2]/input", "xpath:position"]
      ],
      "value": "4893289389"
    }, {
      "id": "f9779e76-2c2b-434a-a8c4-5ad4dc2bcbba",
      "comment": "",
      "command": "type",
      "target": "css=.oxd-input--focus",
      "targets": [
        ["css=.oxd-input--focus", "css:finder"],
        ["xpath=//div[@id='app']/div/div[2]/div[2]/div/div/div/div[2]/div/form/div[2]/div[3]/div[2]/div/div[2]/input", "xpath:idRelative"],
        ["xpath=//div[3]/div[2]/div/div[2]/input", "xpath:position"]
      ],
      "value": "4778239838"
    }, {
      "id": "c4a94d53-5006-45fd-ba7e-893c3fba9aa6",
      "comment": "",
      "command": "click",
      "target": "css=.bi-caret-up-fill",
      "targets": [
        ["css=.bi-caret-up-fill", "css:finder"],
        ["xpath=//div[@id='app']/div/div[2]/div[2]/div/div/div/div[2]/div/form/div[3]/div/div/div/div[2]/div/div/div[2]/i", "xpath:idRelative"],
        ["xpath=//div[2]/i", "xpath:position"]
      ],
      "value": ""
    }, {
      "id": "d20ec6f5-1c86-47f7-915b-01158ef01413",
      "comment": "",
      "command": "click",
      "target": "css=.oxd-select-text--focus > .oxd-select-text-input",
      "targets": [
        ["css=.oxd-select-text--focus > .oxd-select-text-input", "css:finder"],
        ["xpath=//div[@id='app']/div/div[2]/div[2]/div/div/div/div[2]/div/form/div[3]/div/div[2]/div/div[2]/div/div/div", "xpath:idRelative"],
        ["xpath=//div/div[2]/div/div[2]/div/div/div", "xpath:position"]
      ],
      "value": ""
    }, {
      "id": "f399d4af-fa39-4228-8d7a-ead9e0b9ff1f",
      "comment": "",
      "command": "click",
      "target": "css=.oxd-input--focus",
      "targets": [
        ["css=.oxd-input--focus", "css:finder"],
        ["xpath=//div[@id='app']/div/div[2]/div[2]/div/div/div/div[2]/div/form/div[3]/div[2]/div/div/div[2]/div/div/input", "xpath:idRelative"],
        ["xpath=//div[3]/div[2]/div/div/div[2]/div/div/input", "xpath:position"]
      ],
      "value": ""
    }, {
      "id": "b9e1276e-ff54-40c9-8fc8-fdfebb003b9f",
      "comment": "",
      "command": "type",
      "target": "css=.oxd-input--focus",
      "targets": [
        ["css=.oxd-input--focus", "css:finder"],
        ["xpath=//div[@id='app']/div/div[2]/div[2]/div/div/div/div[2]/div/form/div[3]/div[2]/div/div/div[2]/div/div/input", "xpath:idRelative"],
        ["xpath=//div[3]/div[2]/div/div/div[2]/div/div/input", "xpath:position"]
      ],
      "value": "1976-09-30"
    }, {
      "id": "17062ba4-0bb7-4151-8b96-f4b3884f22cf",
      "comment": "",
      "command": "click",
      "target": "css=.oxd-input-group:nth-child(2) .oxd-radio-input",
      "targets": [
        ["css=.oxd-input-group:nth-child(2) .oxd-radio-input", "css:finder"],
        ["xpath=//div[@id='app']/div/div[2]/div[2]/div/div/div/div[2]/div/form/div[3]/div[2]/div[2]/div/div[2]/div[2]/div[2]/div/label/span", "xpath:idRelative"],
        ["xpath=//div[2]/div[2]/div/label/span", "xpath:position"]
      ],
      "value": ""
    }, {
      "id": "0f1f2f2d-601d-41c9-9ac8-ee87691af053",
      "comment": "",
      "command": "click",
      "target": "css=.oxd-input-group:nth-child(1) > div > .oxd-radio-wrapper > label",
      "targets": [
        ["css=.oxd-input-group:nth-child(1) > div > .oxd-radio-wrapper > label", "css:finder"],
        ["xpath=//div[@id='app']/div/div[2]/div[2]/div/div/div/div[2]/div/form/div[3]/div[2]/div[2]/div/div[2]/div/div[2]/div/label", "xpath:idRelative"],
        ["xpath=//div[2]/div/label", "xpath:position"],
        ["xpath=//label[contains(.,'Male')]", "xpath:innerText"]
      ],
      "value": ""
    }, {
      "id": "27f3129f-8b44-4c05-b605-1213f1cfe85e",
      "comment": "",
      "command": "click",
      "target": "css=.oxd-input--focus",
      "targets": [
        ["css=.oxd-input--focus", "css:finder"],
        ["xpath=//div[@id='app']/div/div[2]/div[2]/div/div/div/div[2]/div/form/div[4]/div/div/div/div[2]/input", "xpath:idRelative"],
        ["xpath=//div[4]/div/div/div/div[2]/input", "xpath:position"]
      ],
      "value": ""
    }, {
      "id": "006002ac-b2dc-4a02-99e5-888f90f32684",
      "comment": "",
      "command": "type",
      "target": "css=.oxd-input--focus",
      "targets": [
        ["css=.oxd-input--focus", "css:finder"],
        ["xpath=//div[@id='app']/div/div[2]/div[2]/div/div/div/div[2]/div/form/div[4]/div/div/div/div[2]/input", "xpath:idRelative"],
        ["xpath=//div[4]/div/div/div/div[2]/input", "xpath:position"]
      ],
      "value": "No"
    }, {
      "id": "e686cb55-2348-4b8a-9be1-a66111ce8eb8",
      "comment": "",
      "command": "click",
      "target": "css=.oxd-button--secondary:nth-child(2)",
      "targets": [
        ["css=.oxd-button--secondary:nth-child(2)", "css:finder"],
        ["xpath=//button[@type='submit']", "xpath:attributes"],
        ["xpath=//div[@id='app']/div/div[2]/div[2]/div/div/div/div[2]/div/form/div[5]/button", "xpath:idRelative"],
        ["xpath=//div[5]/button", "xpath:position"],
        ["xpath=//button[contains(.,'Save')]", "xpath:innerText"]
      ],
      "value": ""
    }, {
      "id": "fe4857a6-6214-4719-b2cc-faada9a722bd",
      "comment": "",
      "command": "click",
      "target": "css=.bi-caret-up-fill",
      "targets": [
        ["css=.bi-caret-up-fill", "css:finder"],
        ["xpath=//div[@id='app']/div/div[2]/div[2]/div/div/div/div[2]/div[2]/div/form/div/div/div/div/div[2]/div/div/div[2]/i", "xpath:idRelative"],
        ["xpath=//div[2]/div[2]/div/form/div/div/div/div/div[2]/div/div/div[2]/i", "xpath:position"]
      ],
      "value": ""
    }, {
      "id": "3da436b1-ccf0-4477-ac49-bf4485549ccd",
      "comment": "",
      "command": "click",
      "target": "css=.oxd-button:nth-child(1)",
      "targets": [
        ["css=.oxd-button:nth-child(1)", "css:finder"],
        ["xpath=(//button[@type='submit'])[2]", "xpath:attributes"],
        ["xpath=//div[@id='app']/div/div[2]/div[2]/div/div/div/div[2]/div[2]/div/form/div[2]/button", "xpath:idRelative"],
        ["xpath=//div[2]/button", "xpath:position"]
      ],
      "value": ""
    }, {
      "id": "dfbacf47-1a40-4dc1-acea-d11778232ecb",
      "comment": "",
      "command": "click",
      "target": "css=.oxd-button--text",
      "targets": [
        ["css=.oxd-button--text", "css:finder"],
        ["xpath=(//button[@type='button'])[3]", "xpath:attributes"],
        ["xpath=//div[@id='app']/div/div[2]/div[2]/div/div/div/div[2]/div[3]/div/div/button", "xpath:idRelative"],
        ["xpath=//div[3]/div/div/button", "xpath:position"],
        ["xpath=//button[contains(.,' Add')]", "xpath:innerText"]
      ],
      "value": ""
    }, {
      "id": "bcb72e85-84c9-448b-b335-7bd1f1efcfec",
      "comment": "",
      "command": "click",
      "target": "css=.oxd-file-button",
      "targets": [
        ["css=.oxd-file-button", "css:finder"],
        ["xpath=//div[@id='app']/div/div[2]/div[2]/div/div/div/div[2]/div[3]/div/form/div/div/div/div/div[2]/div/div", "xpath:idRelative"],
        ["xpath=//div[3]/div/form/div/div/div/div/div[2]/div/div", "xpath:position"]
      ],
      "value": ""
    }, {
      "id": "73032646-f4db-4e5c-a048-bc220ec1e99c",
      "comment": "",
      "command": "type",
      "target": "css=.oxd-file-input",
      "targets": [
        ["css=.oxd-file-input", "css:finder"],
        ["xpath=//input[@type='file']", "xpath:attributes"],
        ["xpath=//div[@id='app']/div/div[2]/div[2]/div/div/div/div[2]/div[3]/div/form/div/div/div/div/div[2]/input", "xpath:idRelative"],
        ["xpath=//div[3]/div/form/div/div/div/div/div[2]/input", "xpath:position"]
      ],
      "value": "C:\\fakepath\\3D-Background-Wallpaper-8.jpg"
    }, {
      "id": "643ef6eb-b6f0-4524-932b-ad9156646431",
      "comment": "",
      "command": "click",
      "target": "css=.oxd-button:nth-child(3)",
      "targets": [
        ["css=.oxd-button:nth-child(3)", "css:finder"],
        ["xpath=(//button[@type='submit'])[3]", "xpath:attributes"],
        ["xpath=//div[@id='app']/div/div[2]/div[2]/div/div/div/div[2]/div[3]/div/form/div[3]/button[2]", "xpath:idRelative"],
        ["xpath=//button[2]", "xpath:position"]
      ],
      "value": ""
    }]
  }],
  "suites": [{
    "id": "f66f87e5-e1ac-466b-827f-60f73f9bb9ff",
    "name": "Default Suite",
    "persistSession": false,
    "parallel": false,
    "timeout": 300,
    "tests": ["c7c18540-5197-4edd-8ba0-1894a9390218"]
  }],
  "urls": ["https://opensource-demo.orangehrmlive.com/"],
  "plugins": []
}