{
  "id": "492adcad-1e50-4969-a892-6b3c2012abd7",
  "version": "2.0",
  "name": "PropertyHistory",
  "url": "http://tcses-modernization-alb-2044720851.ap-south-1.elb.amazonaws.com:9065",
  "tests": [{
    "id": "481b1dc8-6a3d-44ed-a741-dcb2b0f42c64",
    "name": "PropertyHistory",
    "commands": [{
      "id": "d8fdac52-a2c5-4c20-9575-05e49f2b3c56",
      "comment": "statusFliter",
      "command": "click",
      "target": "xpath=//mat-icon[text()=\"keyboard_arrow_down\"]",
      "targets": [
        ["css=.dropdown_icon", "css:finder"],
        ["xpath=//mat-form-field[@id='filterData_field']/div/div/div[2]/mat-icon", "xpath:idRelative"],
        ["xpath=//mat-form-field/div/div/div[2]/mat-icon", "xpath:position"],
        ["xpath=//mat-icon[contains(.,'keyboard_arrow_down')]", "xpath:innerText"]
      ],
      "value": ""
    }, {
      "id": "38cfe6d2-cf0b-450e-ad4e-a3a252604b7b",
      "comment": "filterValue",
      "command": "click",
      "target": "xpath=(//span[contains(text(),\"Confirmed\")])[2]",
      "targets": [
        ["css=#mat-option-322 > .mat-option-text", "css:finder"],
        ["xpath=//mat-option[@id='mat-option-322']/span", "xpath:idRelative"],
        ["xpath=//mat-option[2]/span", "xpath:position"]
      ],
      "value": ""
    }, {
      "id": "4d3465fe-e0f5-408e-b591-075d27ea21dc",
      "comment": "editAssetLink",
      "command": "click",
      "target": "xpath=//div[text()=\"View/Update Asset\"]",
      "targets": [
        ["css=.view-update", "css:finder"],
        ["xpath=//bolt-card[@id='confirmedList_0']/mat-card/div/div[2]/div", "xpath:idRelative"],
        ["xpath=//mat-card/div/div[2]/div", "xpath:position"]
      ],
      "value": ""
    }]
  }],
  "suites": [{
    "id": "414a6621-5f58-4077-bc09-f3d03c6cc12c",
    "name": "Default Suite",
    "persistSession": false,
    "parallel": false,
    "timeout": 300,
    "tests": ["481b1dc8-6a3d-44ed-a741-dcb2b0f42c64"]
  }],
  "urls": ["http://tcses-modernization-alb-2044720851.ap-south-1.elb.amazonaws.com:9065/"],
  "plugins": []
}