{
  "id": "c41985b1-acfd-4f82-be1c-e8d143a4d735",
  "version": "2.0",
  "name": "TNChildCare",
  "url": "http://tcses-modernization-alb-sit-81663130.ap-south-1.elb.amazonaws.com:9065",
  "tests": [{
    "id": "24552e23-bb4b-4f80-81e7-d82031623219",
    "name": "AddAsset",
    "commands": [{
      "id": "bd41f25d-390f-4089-858e-9cf3c5ce2bd3",
      "comment": "",
      "command": "open",
      "target": "/",
      "targets": [],
      "value": ""
    }, {
      "id": "83d29f3f-1614-4cdd-ab5c-76b465e25387",
      "comment": "",
      "command": "setWindowSize",
      "target": "1296x696",
      "targets": [],
      "value": ""
    }, {
      "id": "6e2ed1eb-f1ae-4fd6-a790-ddc6ba1266f6",
      "comment": "searchBx",
      "command": "click",
      "target": "xpath=//*[@class=\"search-container\"]/div/input",
      "targets": [
        ["css=.close-icon", "css:finder"],
        ["xpath=//div[@id='cdk-overlay-2']/snack-bar-container/div/div/tcses-snackbar/div/div/div/div[3]/button/span/mat-icon", "xpath:idRelative"],
        ["xpath=//span/mat-icon", "xpath:position"],
        ["xpath=//mat-icon[contains(.,'close')]", "xpath:innerText"]
      ],
      "value": ""
    }, {
      "id": "326922ec-fc49-4b18-bb2c-28ffebd68637",
      "comment": "searchBx",
      "command": "type",
      "target": "xpath=//*[@class=\"search-container\"]/div/input",
      "targets": [
        ["css=.search-box", "css:finder"],
        ["xpath=//input[@type='text']", "xpath:attributes"],
        ["xpath=//input", "xpath:position"]
      ],
      "value": "1560398"
    }, {
      "id": "4afa31a9-afdf-4c80-ba82-c52f123115f3",
      "comment": "searchBx",
      "command": "sendKeys",
      "target": "xpath=//*[@class=\"search-container\"]/div/input",
      "targets": [
        ["css=.search-box", "css:finder"],
        ["xpath=//input[@type='text']", "xpath:attributes"],
        ["xpath=//input", "xpath:position"]
      ],
      "value": ""
    }, {
      "id": "9e922448-7b4d-44f7-aa1a-fdbd0af85005",
      "comment": "participantLink",
      "command": "click",
      "target": "xpath=//*[@class=\"participant\"]//./a",
      "targets": [
        ["linkText=JAMES B HALL, JR", "linkText"],
        ["css=.aClass", "css:finder"],
        ["xpath=//a[contains(text(),'JAMES B HALL, JR')]", "xpath:link"],
        ["xpath=//mat-tab-body[@id='mat-tab-content-0-3']/div/div/div/tcses-global-search-results/div/tcses-search-participant-card/div/div/div/a", "xpath:idRelative"],
        ["xpath=//tcses-search-participant-card/div/div/div/a", "xpath:position"],
        ["xpath=//a[contains(.,'JAMES B HALL, JR')]", "xpath:innerText"]
      ],
      "value": ""
    }, {
      "id": "e8f9b26a-d416-403a-884d-de15b261139a",
      "comment": "pareLink",
      "command": "click",
      "target": "linkText=View & Update PARE",
      "targets": [
        ["linkText=View & Update PARE", "linkText"],
        ["css=.capitalize:nth-child(4)", "css:finder"],
        ["xpath=//a[contains(text(),'View & Update PARE')]", "xpath:link"],
        ["xpath=//div[@id='paroverview-main']/div/section[8]/div/a", "xpath:idRelative"],
        ["xpath=//section[8]/div/a", "xpath:position"],
        ["xpath=//a[contains(.,'View & Update PARE')]", "xpath:innerText"]
      ],
      "value": ""
    }, {
      "id": "44886e4e-44a0-4d1d-9968-9e2e8971791c",
      "comment": "",
      "command": "runScript",
      "target": "window.scrollTo(0,0)",
      "targets": [],
      "value": ""
    }, {
      "id": "0bdc7f31-3a60-4eaf-a35c-dab989e39b17",
      "comment": "addNewAsstBttn",
      "command": "click",
      "target": "xpath=(//span[text()=\"Add New Asset\"])[1]",
      "targets": [
        ["css=bolt-layout:nth-child(2) #add > .mat-button-wrapper", "css:finder"],
        ["xpath=//button[@id='add']/span", "xpath:idRelative"],
        ["xpath=//button[2]/span", "xpath:position"],
        ["xpath=//span[contains(.,'Add New Asset')]", "xpath:innerText"]
      ],
      "value": ""
    }, {
      "id": "72572fe7-f188-4930-85c6-d650bf0aec64",
      "comment": "sourceCdDrpDwn",
      "command": "click",
      "target": "xpath=//mat-select[@formcontrolname=\"locateSourceCode\"]/div/div[2]",
      "targets": [
        ["css=.ng-tns-c115-123:nth-child(2)", "css:finder"],
        ["xpath=//mat-select[@id='mat-select-12']/div/div[2]", "xpath:idRelative"],
        ["xpath=//mat-select/div/div[2]", "xpath:position"]
      ],
      "value": ""
    }, {
      "id": "050cf07e-136f-4e06-ac6a-05325ea67c70",
      "comment": "sourceCdOpt",
      "command": "click",
      "target": "xpath=//*[@id=\"mat-option-596\"]",
      "targets": [
        ["css=#mat-option-310 > .mat-option-text", "css:finder"],
        ["xpath=//mat-option[@id='mat-option-310']/span", "xpath:idRelative"],
        ["xpath=//mat-option[5]/span", "xpath:position"],
        ["xpath=//span[contains(.,'CONVERSION')]", "xpath:innerText"]
      ],
      "value": ""
    }, {
      "id": "5934c2e5-d201-49a6-97c9-0e6c6ca0162f",
      "comment": "assetCdDrpDwn",
      "command": "click",
      "target": "xpath=//*[@formcontrolname=\"assetCode\"]//./div[2]",
      "targets": [
        ["css=#mat-select-value-15 > .mat-select-placeholder", "css:finder"],
        ["xpath=//div[@id='mat-select-value-15']/span", "xpath:idRelative"],
        ["xpath=//div[2]/mat-form-field/div/div/div/mat-select/div/div/span", "xpath:position"]
      ],
      "value": ""
    }, {
      "id": "236a7429-0bbd-45aa-a253-239273898f42",
      "comment": "accssOpt",
      "command": "click",
      "target": "xpath=//span[contains(text(),\"FARM\")]",
      "targets": [
        ["css=#mat-option-359 > .mat-option-text", "css:finder"],
        ["xpath=//mat-option[@id='mat-option-359']/span", "xpath:idRelative"],
        ["xpath=//mat-option[4]/span", "xpath:position"],
        ["xpath=//span[contains(.,'FARM')]", "xpath:innerText"]
      ],
      "value": ""
    }, {
      "id": "acb16ef0-1e31-492a-8eb7-429c3f2570dc",
      "comment": "",
      "command": "click",
      "target": "css=#mat-select-16 > .mat-select-trigger",
      "targets": [
        ["css=#mat-select-16 > .mat-select-trigger", "css:finder"],
        ["xpath=//mat-select[@id='mat-select-16']/div", "xpath:idRelative"],
        ["xpath=//div[4]/div/mat-form-field/div/div/div/mat-select/div", "xpath:position"]
      ],
      "value": ""
    }, {
      "id": "404ff8d0-f274-441f-bb14-f28dd09ccaab",
      "comment": "lotTxtBx",
      "command": "click",
      "target": "xpath=//input[@formcontrolname=\"lotText\"]",
      "targets": [
        ["id=mat-input-4", "id"],
        ["css=#mat-input-4", "css:finder"],
        ["xpath=//input[@id='mat-input-4']", "xpath:attributes"],
        ["xpath=//mat-tab-body[@id='mat-tab-content-0-4']/div/div/div/div[2]/tcses-pare-action/div/form/div[4]/div[2]/mat-form-field/div/div/div/input", "xpath:idRelative"],
        ["xpath=//div[2]/mat-form-field/div/div/div/input", "xpath:position"]
      ],
      "value": ""
    }, {
      "id": "bbbb8ca7-4b7f-476a-b786-95c1dca9e1c2",
      "comment": "lotTxtBx",
      "command": "type",
      "target": "xpath=//input[@formcontrolname=\"lotText\"]",
      "targets": [
        ["id=mat-input-4", "id"],
        ["css=#mat-input-4", "css:finder"],
        ["xpath=//input[@id='mat-input-4']", "xpath:attributes"],
        ["xpath=//mat-tab-body[@id='mat-tab-content-0-4']/div/div/div/div[2]/tcses-pare-action/div/form/div[4]/div[2]/mat-form-field/div/div/div/input", "xpath:idRelative"],
        ["xpath=//div[2]/mat-form-field/div/div/div/input", "xpath:position"]
      ],
      "value": "43523"
    }, {
      "id": "84c3cf32-139e-40dd-95cc-4875cacdb83a",
      "comment": "bkTxtBx",
      "command": "click",
      "target": "xpath=//input[@formcontrolname=\"bookText\"]",
      "targets": [
        ["id=mat-input-5", "id"],
        ["css=#mat-input-5", "css:finder"],
        ["xpath=//input[@id='mat-input-5']", "xpath:attributes"],
        ["xpath=//mat-tab-body[@id='mat-tab-content-0-4']/div/div/div/div[2]/tcses-pare-action/div/form/div[4]/div[3]/mat-form-field/div/div/div/input", "xpath:idRelative"],
        ["xpath=//div[4]/div[3]/mat-form-field/div/div/div/input", "xpath:position"]
      ],
      "value": ""
    }, {
      "id": "97880fb7-da94-4f19-9199-facb4135888e",
      "comment": "bkTxtBx",
      "command": "type",
      "target": "xpath=//input[@formcontrolname=\"bookText\"]",
      "targets": [
        ["id=mat-input-5", "id"],
        ["css=#mat-input-5", "css:finder"],
        ["xpath=//input[@id='mat-input-5']", "xpath:attributes"],
        ["xpath=//mat-tab-body[@id='mat-tab-content-0-4']/div/div/div/div[2]/tcses-pare-action/div/form/div[4]/div[3]/mat-form-field/div/div/div/input", "xpath:idRelative"],
        ["xpath=//div[4]/div[3]/mat-form-field/div/div/div/input", "xpath:position"]
      ],
      "value": "34232"
    }, {
      "id": "fe883618-7d7c-4a36-bead-af8dea82a84b",
      "comment": "pageTxtBx",
      "command": "click",
      "target": "xpath=//input[@formcontrolname=\"pageText\"]",
      "targets": [
        ["id=mat-input-6", "id"],
        ["css=#mat-input-6", "css:finder"],
        ["xpath=//input[@id='mat-input-6']", "xpath:attributes"],
        ["xpath=//mat-tab-body[@id='mat-tab-content-0-4']/div/div/div/div[2]/tcses-pare-action/div/form/div[5]/div/mat-form-field/div/div/div/input", "xpath:idRelative"],
        ["xpath=//div[5]/div/mat-form-field/div/div/div/input", "xpath:position"]
      ],
      "value": ""
    }, {
      "id": "8a4b413a-168c-4834-95e9-6a2aee047ef8",
      "comment": "pageTxtBx",
      "command": "type",
      "target": "xpath=//input[@formcontrolname=\"pageText\"]",
      "targets": [
        ["id=mat-input-6", "id"],
        ["css=#mat-input-6", "css:finder"],
        ["xpath=//input[@id='mat-input-6']", "xpath:attributes"],
        ["xpath=//mat-tab-body[@id='mat-tab-content-0-4']/div/div/div/div[2]/tcses-pare-action/div/form/div[5]/div/mat-form-field/div/div/div/input", "xpath:idRelative"],
        ["xpath=//div[5]/div/mat-form-field/div/div/div/input", "xpath:position"]
      ],
      "value": "2"
    }, {
      "id": "a927e64a-903b-4d81-ab4f-1fa653b2c9dc",
      "comment": "acresTxBx",
      "command": "click",
      "target": "xpath=//input[@formcontrolname=\"acresCount\"]",
      "targets": [
        ["id=mat-input-7", "id"],
        ["css=#mat-input-7", "css:finder"],
        ["xpath=//input[@id='mat-input-7']", "xpath:attributes"],
        ["xpath=//mat-tab-body[@id='mat-tab-content-0-4']/div/div/div/div[2]/tcses-pare-action/div/form/div[5]/div[2]/mat-form-field/div/div/div/input", "xpath:idRelative"],
        ["xpath=//div[5]/div[2]/mat-form-field/div/div/div/input", "xpath:position"]
      ],
      "value": ""
    }, {
      "id": "b1d7442d-15e6-4b4f-8b3f-12891c0b0d15",
      "comment": "acresTxtBx",
      "command": "type",
      "target": "//input[@formcontrolname=\"acresCount\"]",
      "targets": [
        ["id=mat-input-7", "id"],
        ["css=#mat-input-7", "css:finder"],
        ["xpath=//input[@id='mat-input-7']", "xpath:attributes"],
        ["xpath=//mat-tab-body[@id='mat-tab-content-0-4']/div/div/div/div[2]/tcses-pare-action/div/form/div[5]/div[2]/mat-form-field/div/div/div/input", "xpath:idRelative"],
        ["xpath=//div[5]/div[2]/mat-form-field/div/div/div/input", "xpath:position"]
      ],
      "value": "5"
    }, {
      "id": "835f0967-53fc-402e-861b-3fdcdbcdd671",
      "comment": "sqFtTxtBx",
      "command": "click",
      "target": "xpath=//input[@formcontrolname=\"squareFeetCount\"]",
      "targets": [
        ["id=mat-input-8", "id"],
        ["css=#mat-input-8", "css:finder"],
        ["xpath=//input[@id='mat-input-8']", "xpath:attributes"],
        ["xpath=//mat-tab-body[@id='mat-tab-content-0-4']/div/div/div/div[2]/tcses-pare-action/div/form/div[5]/div[3]/mat-form-field/div/div/div/input", "xpath:idRelative"],
        ["xpath=//div[5]/div[3]/mat-form-field/div/div/div/input", "xpath:position"]
      ],
      "value": ""
    }, {
      "id": "458507ae-4372-4697-a7b0-60e0c40eb482",
      "comment": "sqFtTxtBx",
      "command": "type",
      "target": "//input[@formcontrolname=\"squareFeetCount\"]",
      "targets": [
        ["id=mat-input-8", "id"],
        ["css=#mat-input-8", "css:finder"],
        ["xpath=//input[@id='mat-input-8']", "xpath:attributes"],
        ["xpath=//mat-tab-body[@id='mat-tab-content-0-4']/div/div/div/div[2]/tcses-pare-action/div/form/div[5]/div[3]/mat-form-field/div/div/div/input", "xpath:idRelative"],
        ["xpath=//div[5]/div[3]/mat-form-field/div/div/div/input", "xpath:position"]
      ],
      "value": "500"
    }, {
      "id": "a980d7ea-3d47-4407-ba45-5e445b3888de",
      "comment": "purchadeDt",
      "command": "click",
      "target": "xpath=//input[@formcontrolname=\"purchaseDate\"]",
      "targets": [
        ["id=mat-input-9", "id"],
        ["css=#mat-input-9", "css:finder"],
        ["xpath=//input[@id='mat-input-9']", "xpath:attributes"],
        ["xpath=//mat-tab-body[@id='mat-tab-content-0-4']/div/div/div/div[2]/tcses-pare-action/div/form/div[6]/div/mat-form-field/div/div/div/input", "xpath:idRelative"],
        ["xpath=//div[6]/div/mat-form-field/div/div/div/input", "xpath:position"]
      ],
      "value": ""
    }, {
      "id": "467041f2-8474-4167-9642-782b632f1cfe",
      "comment": "purchadeDt",
      "command": "type",
      "target": "xpath=//input[@formcontrolname=\"purchaseDate\"]",
      "targets": [
        ["id=mat-input-9", "id"],
        ["css=#mat-input-9", "css:finder"],
        ["xpath=//input[@id='mat-input-9']", "xpath:attributes"],
        ["xpath=//mat-tab-body[@id='mat-tab-content-0-4']/div/div/div/div[2]/tcses-pare-action/div/form/div[6]/div/mat-form-field/div/div/div/input", "xpath:idRelative"],
        ["xpath=//div[6]/div/mat-form-field/div/div/div/input", "xpath:position"]
      ],
      "value": "07/18/2021"
    }, {
      "id": "51fe7a78-7ea6-47f6-9dde-184c845dc94d",
      "comment": "beginDt",
      "command": "click",
      "target": "xpath=//input[@formcontrolname=\"beginDate\"]",
      "targets": [
        ["id=mat-input-10", "id"],
        ["css=#mat-input-10", "css:finder"],
        ["xpath=//input[@id='mat-input-10']", "xpath:attributes"],
        ["xpath=//mat-tab-body[@id='mat-tab-content-0-4']/div/div/div/div[2]/tcses-pare-action/div/form/div[6]/div[2]/mat-form-field/div/div/div/input", "xpath:idRelative"],
        ["xpath=//div[6]/div[2]/mat-form-field/div/div/div/input", "xpath:position"]
      ],
      "value": ""
    }, {
      "id": "ef98cce6-729c-411a-99ba-97310c644a8c",
      "comment": "beginDt",
      "command": "type",
      "target": "xpath=//input[@formcontrolname=\"beginDate\"]",
      "targets": [
        ["id=mat-input-10", "id"],
        ["css=#mat-input-10", "css:finder"],
        ["xpath=//input[@id='mat-input-10']", "xpath:attributes"],
        ["xpath=//mat-tab-body[@id='mat-tab-content-0-4']/div/div/div/div[2]/tcses-pare-action/div/form/div[6]/div[2]/mat-form-field/div/div/div/input", "xpath:idRelative"],
        ["xpath=//div[6]/div[2]/mat-form-field/div/div/div/input", "xpath:position"]
      ],
      "value": "08/01/2021"
    }, {
      "id": "24170d18-8892-4a50-b3d9-2548b6bd578a",
      "comment": "endDt",
      "command": "click",
      "target": "xpath=//input[@formcontrolname=\"endDate\"]",
      "targets": [
        ["id=mat-input-11", "id"],
        ["css=#mat-input-11", "css:finder"],
        ["xpath=//input[@id='mat-input-11']", "xpath:attributes"],
        ["xpath=//mat-tab-body[@id='mat-tab-content-0-4']/div/div/div/div[2]/tcses-pare-action/div/form/div[6]/div[3]/mat-form-field/div/div/div/input", "xpath:idRelative"],
        ["xpath=//div[6]/div[3]/mat-form-field/div/div/div/input", "xpath:position"]
      ],
      "value": ""
    }, {
      "id": "d4fa463e-2d94-4411-a4e3-5e1c4c87638d",
      "comment": "endDt",
      "command": "type",
      "target": "xpath=//input[@formcontrolname=\"endDate\"]",
      "targets": [
        ["id=mat-input-11", "id"],
        ["css=#mat-input-11", "css:finder"],
        ["xpath=//input[@id='mat-input-11']", "xpath:attributes"],
        ["xpath=//mat-tab-body[@id='mat-tab-content-0-4']/div/div/div/div[2]/tcses-pare-action/div/form/div[6]/div[3]/mat-form-field/div/div/div/input", "xpath:idRelative"],
        ["xpath=//div[6]/div[3]/mat-form-field/div/div/div/input", "xpath:position"]
      ],
      "value": "09/30/2021"
    }, {
      "id": "65e41b49-9cd8-4e65-a3a2-12630cb52344",
      "comment": "valueTxtBx",
      "command": "click",
      "target": "xpath=//input[@formcontrolname=\"valueAmountString\"]",
      "targets": [
        ["css=.ng-tns-c72-137 > .mat-form-field-infix", "css:finder"],
        ["xpath=//mat-tab-body[@id='mat-tab-content-0-4']/div/div/div/div[2]/tcses-pare-action/div/form/div[7]/div/mat-form-field/div/div/div", "xpath:idRelative"],
        ["xpath=//div[7]/div/mat-form-field/div/div/div", "xpath:position"]
      ],
      "value": ""
    }, {
      "id": "74976c42-62d8-4505-846e-971eef2f9376",
      "comment": "valueTxtBx",
      "command": "type",
      "target": "xpath=//input[@formcontrolname=\"valueAmountString\"]",
      "targets": [
        ["id=mat-input-12", "id"],
        ["css=#mat-input-12", "css:finder"],
        ["xpath=//input[@id='mat-input-12']", "xpath:attributes"],
        ["xpath=//mat-tab-body[@id='mat-tab-content-0-4']/div/div/div/div[2]/tcses-pare-action/div/form/div[7]/div/mat-form-field/div/div/div[2]/input", "xpath:idRelative"],
        ["xpath=//div[2]/input", "xpath:position"]
      ],
      "value": "300000"
    }, {
      "id": "bdc41231-e649-453c-a451-48334f6ec694",
      "comment": "addLin1",
      "command": "click",
      "target": "xpath=//input[@formcontrolname=\"line1Address\"]",
      "targets": [
        ["css=.ng-tns-c72-138 > .mat-form-field-infix", "css:finder"],
        ["xpath=//mat-tab-body[@id='mat-tab-content-0-4']/div/div/div/div[2]/tcses-pare-action/div/form/div[7]/div[2]/mat-form-field/div/div/div", "xpath:idRelative"],
        ["xpath=//div[7]/div[2]/mat-form-field/div/div/div", "xpath:position"]
      ],
      "value": ""
    }, {
      "id": "a077d161-520a-4ff9-9211-9119b1971c66",
      "comment": "addLin1",
      "command": "type",
      "target": "xpath=//input[@formcontrolname=\"line1Address\"]",
      "targets": [
        ["id=mat-input-13", "id"],
        ["css=#mat-input-13", "css:finder"],
        ["xpath=//input[@id='mat-input-13']", "xpath:attributes"],
        ["xpath=//mat-tab-body[@id='mat-tab-content-0-4']/div/div/div/div[2]/tcses-pare-action/div/form/div[7]/div[2]/mat-form-field/div/div/div/input", "xpath:idRelative"],
        ["xpath=//div[7]/div[2]/mat-form-field/div/div/div/input", "xpath:position"]
      ],
      "value": "2300 Evergreen Park DR SW"
    }, {
      "id": "f5f52b2b-cf60-49c9-a7d3-a432aa9b4a8b",
      "comment": "addLin2",
      "command": "click",
      "target": "xpath=//input[@formcontrolname=\"line2Address\"]",
      "targets": [
        ["id=mat-input-15", "id"],
        ["css=#mat-input-15", "css:finder"],
        ["xpath=//input[@id='mat-input-15']", "xpath:attributes"],
        ["xpath=//mat-tab-body[@id='mat-tab-content-0-4']/div/div/div/div[2]/tcses-pare-action/div/form/div[8]/div/mat-form-field/div/div/div/input", "xpath:idRelative"],
        ["xpath=//div[8]/div/mat-form-field/div/div/div/input", "xpath:position"]
      ],
      "value": ""
    }, {
      "id": "f442d582-409d-4527-bc8e-bc68c11e93fd",
      "comment": "addLin2",
      "command": "type",
      "target": "xpath=//input[@formcontrolname=\"line2Address\"]",
      "targets": [
        ["id=mat-input-15", "id"],
        ["css=#mat-input-15", "css:finder"],
        ["xpath=//input[@id='mat-input-15']", "xpath:attributes"],
        ["xpath=//mat-tab-body[@id='mat-tab-content-0-4']/div/div/div/div[2]/tcses-pare-action/div/form/div[8]/div/mat-form-field/div/div/div/input", "xpath:idRelative"],
        ["xpath=//div[8]/div/mat-form-field/div/div/div/input", "xpath:position"]
      ],
      "value": "Chattanooga"
    }, {
      "id": "8c55952a-e2ad-4a27-8677-d0dab84f35c3",
      "comment": "cityTxtBx",
      "command": "click",
      "target": "xpath=//input[@formcontrolname=\"cityName\"]",
      "targets": [
        ["css=#mat-select-value-19 > .mat-select-placeholder", "css:finder"],
        ["xpath=//div[@id='mat-select-value-19']/span", "xpath:idRelative"],
        ["xpath=//div[8]/div[2]/mat-form-field/div/div/div/mat-select/div/div/span", "xpath:position"]
      ],
      "value": ""
    }, {
      "id": "7ff4a3b0-37a8-447b-8566-0bad155d2485",
      "comment": "cityTxtBx",
      "command": "type",
      "target": "//input[@formcontrolname=\"cityName\"]",
      "targets": [],
      "value": "Knoxville"
    }, {
      "id": "ba4bf506-a6f2-47a9-9568-16172f706ea3",
      "comment": "zipCode",
      "command": "click",
      "target": "xpath=//input[@formcontrolname=\"zipCode\"]",
      "targets": [
        ["css=.primary-enabled > .mat-form-field-wrapper", "css:finder"],
        ["xpath=//mat-tab-body[@id='mat-tab-content-0-4']/div/div/div/div[2]/tcses-pare-action/div/form/div[8]/div[3]/mat-form-field/div", "xpath:idRelative"],
        ["xpath=//div[8]/div[3]/mat-form-field/div", "xpath:position"]
      ],
      "value": ""
    }, {
      "id": "c7c8ce11-1b05-4dfc-928b-265638feffe0",
      "comment": "zipCode",
      "command": "type",
      "target": "xpath=//input[@formcontrolname=\"zipCode\"]",
      "targets": [
        ["id=mat-input-16", "id"],
        ["css=#mat-input-16", "css:finder"],
        ["xpath=//input[@id='mat-input-16']", "xpath:attributes"],
        ["xpath=//mat-tab-body[@id='mat-tab-content-0-4']/div/div/div/div[2]/tcses-pare-action/div/form/div[8]/div[3]/mat-form-field/div/div/div/input", "xpath:idRelative"],
        ["xpath=//div[8]/div[3]/mat-form-field/div/div/div/input", "xpath:position"]
      ],
      "value": "37916"
    }, {
      "id": "1deae7b5-911e-471f-a620-68c9b09dd730",
      "comment": "countyDrpDwn",
      "command": "click",
      "target": "xpath=//*[@formcontrolname=\"countryCode\"]//./div[2]",
      "targets": [
        ["css=#mat-select-value-21 > .mat-select-placeholder", "css:finder"],
        ["xpath=//div[@id='mat-select-value-21']/span", "xpath:idRelative"],
        ["xpath=//div[9]/div/mat-form-field/div/div/div/mat-select/div/div/span", "xpath:position"]
      ],
      "value": ""
    }, {
      "id": "18d32e1f-a271-4a43-bbd8-cc6c2279e1f7",
      "comment": "countyDrpVal",
      "command": "click",
      "target": "xpath=//span[text()=\"UNITED STATES OF AMERICA\"]",
      "targets": [
        ["css=#mat-option-514 > .mat-option-text", "css:finder"],
        ["xpath=//mat-option[@id='mat-option-514']/span", "xpath:idRelative"],
        ["xpath=//mat-option[6]/span", "xpath:position"],
        ["xpath=//span[contains(.,'BERMUDA')]", "xpath:innerText"]
      ],
      "value": ""
    }, {
      "id": "e5120f9f-df9d-4ff5-81f1-210376812d5a",
      "comment": "stateDrpDwn",
      "command": "click",
      "target": "xpath=//*[@formcontrolname=\"stateCode\"]//./div[2]",
      "targets": [
        ["id=mat-select-value-21", "id"],
        ["css=#mat-select-value-21", "css:finder"],
        ["xpath=//div[@id='mat-select-value-21']", "xpath:attributes"],
        ["xpath=//mat-select[@id='mat-select-20']/div/div", "xpath:idRelative"],
        ["xpath=//div[9]/div/mat-form-field/div/div/div/mat-select/div/div", "xpath:position"]
      ],
      "value": ""
    }, {
      "id": "b83b3818-e550-46e3-ab35-524dba120c42",
      "comment": "stateDrpVal",
      "command": "click",
      "target": "xpath=//span[contains(text(),\"TENNESSEE\")]",
      "targets": [],
      "value": ""
    }, {
      "id": "bff44519-d791-4c6c-864d-b0438fd2421d",
      "comment": "confirmationDt",
      "command": "click",
      "target": "xpath=//*[@formcontrolname=\"confirmationDate\"]",
      "targets": [
        ["id=mat-input-18", "id"],
        ["css=#mat-input-18", "css:finder"],
        ["xpath=//input[@id='mat-input-18']", "xpath:attributes"],
        ["xpath=//mat-tab-body[@id='mat-tab-content-0-4']/div/div/div/div[2]/tcses-pare-action/div/form/div[16]/div/mat-form-field/div/div/div/input", "xpath:idRelative"],
        ["xpath=//div[16]/div/mat-form-field/div/div/div/input", "xpath:position"]
      ],
      "value": ""
    }, {
      "id": "54e3d8ea-2e23-457f-a752-cb2ff0a018ae",
      "comment": "confirmationDt",
      "command": "type",
      "target": "xpath=//*[@formcontrolname=\"confirmationDate\"]",
      "targets": [
        ["id=mat-input-18", "id"],
        ["css=#mat-input-18", "css:finder"],
        ["xpath=//input[@id='mat-input-18']", "xpath:attributes"],
        ["xpath=//mat-tab-body[@id='mat-tab-content-0-4']/div/div/div/div[2]/tcses-pare-action/div/form/div[16]/div/mat-form-field/div/div/div/input", "xpath:idRelative"],
        ["xpath=//div[16]/div/mat-form-field/div/div/div/input", "xpath:position"]
      ],
      "value": "10/01/2021"
    }, {
      "id": "8a035c56-a9ee-496a-9226-34d15ebc1349",
      "comment": "saveBttn",
      "command": "click",
      "target": "xpath=(//*[@id=\"save-details_az\"]/span)[1]",
      "targets": [
        ["css=.paddingTop72 #save-details_az", "css:finder"],
        ["xpath=(//button[@id='save-details_az'])[2]", "xpath:attributes"],
        ["xpath=//mat-tab-body[@id='mat-tab-content-0-4']/div/div/div/div[2]/tcses-pare-action/div/form/div[17]/div/button[2]", "xpath:idRelative"],
        ["xpath=//div[17]/div/button[2]", "xpath:position"]
      ],
      "value": ""
    }]
  }],
  "suites": [{
    "id": "b7e0e490-bc67-4c49-943e-ff4c209928b8",
    "name": "Default Suite",
    "persistSession": false,
    "parallel": false,
    "timeout": 300,
    "tests": ["24552e23-bb4b-4f80-81e7-d82031623219"]
  }],
  "urls": ["http://tcses-modernization-alb-sit-81663130.ap-south-1.elb.amazonaws.com:9065/"],
  "plugins": []
}