{
  "id": "b6aedacb-f021-49fc-8c7c-ea246c6a66eb",
  "version": "2.0",
  "name": "Residency",
  "url": "http://localhost:3000",
  "tests": [{
    "id": "cd61d066-8fed-4a2f-9146-1ae09de1b23d",
    "name": "Residency",
    "commands": [{
      "id": "0ff88a23-241e-42d6-82f9-98317298fdaa",
      "comment": "Residency_Header",
      "command": "verifyText",
      "target": "css=h1 > .english",
      "targets": [
        ["css=h1 > .english", "css:finder"],
        ["xpath=//h1/span", "xpath:position"],
        ["xpath=//span[contains(.,'Are you a California resident?')]", "xpath:innerText"]
      ],
      "value": "Are you a California resident?"
    }, {
      "id": "4fa3d5e3-a8db-4d77-8145-4a1c245719b2",
      "comment": "Residency_ProgressBar",
      "command": "verifyText",
      "target": "css=.progressBarContainer .english",
      "targets": [
        ["css=.progressBarContainer .english", "css:finder"],
        ["xpath=//div[2]/div[2]/span", "xpath:position"],
        ["xpath=//span[contains(.,'1/5 Pre-Application Survey')]", "xpath:innerText"]
      ],
      "value": "1/5 Pre-Application Survey"
    }, {
      "id": "1a55b4f5-c6a8-4da9-840a-9992d07a023b",
      "comment": "Residency_EnglishQuestion",
      "command": "verifyText",
      "target": "css=p:nth-child(1) > .english",
      "targets": [
        ["css=p:nth-child(1) > .english", "css:finder"],
        ["xpath=//p/span", "xpath:position"],
        ["xpath=//span[contains(.,'We are asking because you need to live in California to apply.')]", "xpath:innerText"]
      ],
      "value": "We are asking because you need to live in California to apply."
    }, {
      "id": "3b04b3c1-9188-4b67-bfee-f152ed2b00c2",
      "comment": "Residency_English_SubQuestion",
      "command": "verifyText",
      "target": "css=.english:nth-child(2)",
      "targets": [
        ["css=.english:nth-child(2)", "css:finder"],
        ["xpath=//p[2]/span[2]", "xpath:position"],
        ["xpath=//span[contains(.,'Do you live in California?')]", "xpath:innerText"]
      ],
      "value": "Do you live in California?"
    }, {
      "id": "5fe364d6-7769-404e-967f-75e9e8c83c74",
      "comment": "Residency_Next",
      "command": "click",
      "target": "id=nextQuestionResidenceBtn",
      "targets": [
        ["id=nextQuestionResidenceBtn", "id"],
        ["css=#nextQuestionResidenceBtn", "css:finder"],
        ["xpath=//button[@id='nextQuestionResidenceBtn']", "xpath:attributes"],
        ["xpath=//section/button", "xpath:position"]
      ],
      "value": ""
    }, {
      "id": "0475739f-255b-4cc8-aecf-f8442f5b9cbb",
      "comment": "Residency_Mandatory_Error",
      "command": "verifyText",
      "target": "css=#residenceError > .english",
      "targets": [
        ["css=#residenceError > .english", "css:finder"],
        ["xpath=//div[@id='residenceError']/span", "xpath:idRelative"],
        ["xpath=//div[3]/span", "xpath:position"],
        ["xpath=//span[contains(.,'Please select yes or no.')]", "xpath:innerText"]
      ],
      "value": "Please select yes or no."
    }, {
      "id": "a6189702-beaa-4060-bf7b-14ef88eaa451",
      "comment": "Residency_Radio_Yes",
      "command": "click",
      "target": "id=residenceYes",
      "targets": [
        ["id=residenceYes", "id"],
        ["name=residence", "name"],
        ["css=#residenceYes", "css:finder"],
        ["xpath=//input[@id='residenceYes']", "xpath:attributes"],
        ["xpath=//input", "xpath:position"]
      ],
      "value": ""
    }, {
      "id": "663659f2-9da2-43e2-a3d6-4af43216f266",
      "comment": "Residency_Radio_No",
      "command": "click",
      "target": "id=residenceNo",
      "targets": [
        ["id=residenceNo", "id"],
        ["css=#residenceNo", "css:finder"],
        ["xpath=//input[@id='residenceNo']", "xpath:attributes"],
        ["xpath=//div[2]/input", "xpath:position"]
      ],
      "value": ""
    }, {
      "id": "19dd2a8d-7bbf-483b-af15-d2db67d900f3",
      "comment": "Residency_LanguageToggle_Spanish",
      "command": "click",
      "target": "id=languageToggle",
      "targets": [
        ["id=languageToggle", "id"],
        ["css=#languageToggle", "css:finder"],
        ["xpath=//button[@id='languageToggle']", "xpath:attributes"],
        ["xpath=//button", "xpath:position"],
        ["xpath=//button[contains(.,'Switch to Spanish')]", "xpath:innerText"]
      ],
      "value": ""
    }, {
      "id": "e9032bfa-1ac1-47b3-9d72-bfe7c3732f4a",
      "comment": "Residency_Header_Spanish",
      "command": "verifyText",
      "target": "css=h1 > .spanish",
      "targets": [
        ["css=h1 > .spanish", "css:finder"],
        ["xpath=//h1/span[2]", "xpath:position"],
        ["xpath=//span[contains(.,'¿Eres residente de California?')]", "xpath:innerText"]
      ],
      "value": "¿Eres residente de California?"
    }, {
      "id": "0019fb59-a42c-467c-a12a-46372baaa35a",
      "comment": "Residency_ProgressBar_Spanish",
      "command": "verifyText",
      "target": "css=.progressBarContainer .spanish",
      "targets": [
        ["css=.progressBarContainer .spanish", "css:finder"],
        ["xpath=//div[2]/div[2]/span[2]", "xpath:position"],
        ["xpath=//span[contains(.,'1/5 Encuesta de preselección')]", "xpath:innerText"]
      ],
      "value": "1/5 Encuesta de preselección"
    }, {
      "id": "9241be13-5527-43a3-b8e8-42535afdb3f0",
      "comment": "Residency_Spanish_Question",
      "command": "verifyText",
      "target": "css=p:nth-child(1) > .spanish",
      "targets": [
        ["css=p:nth-child(1) > .spanish", "css:finder"],
        ["xpath=//p/span[2]", "xpath:position"],
        ["xpath=//span[contains(.,'Estamos preguntando porque necesitas vivir en California para aplicar.')]", "xpath:innerText"]
      ],
      "value": "Estamos preguntando porque necesitas vivir en California para aplicar."
    }, {
      "id": "67668129-eb2a-47dc-9d7d-31405f2c8cb8",
      "comment": "Residency_Spanish_SubQuestion",
      "command": "verifyText",
      "target": "css=.spanish:nth-child(3)",
      "targets": [
        ["css=.spanish:nth-child(3)", "css:finder"],
        ["xpath=//span[3]", "xpath:position"],
        ["xpath=//span[contains(.,'¿Vives en California?')]", "xpath:innerText"]
      ],
      "value": "¿Vives en California?"
    }, {
      "id": "b089bee6-c11b-40ed-aa13-590ff869d159",
      "comment": "ResidencyNext_Spanish",
      "command": "click",
      "target": "css=#nextQuestionResidenceBtn > .spanish",
      "targets": [
        ["css=#nextQuestionResidenceBtn > .spanish", "css:finder"],
        ["xpath=//button[@id='nextQuestionResidenceBtn']/span[2]", "xpath:idRelative"],
        ["xpath=//section/button/span[2]", "xpath:position"],
        ["xpath=//span[contains(.,'Siguiente pregunta')]", "xpath:innerText"]
      ],
      "value": ""
    }, {
      "id": "c747f272-4f97-4ac9-a263-4567da1f1cb8",
      "comment": "Residency_LanguageToggle_English",
      "command": "click",
      "target": "css=#languageToggle > .english",
      "targets": [
        ["css=#languageToggle > .english", "css:finder"],
        ["xpath=//button[@id='languageToggle']/span", "xpath:idRelative"],
        ["xpath=//span", "xpath:position"],
        ["xpath=//span[contains(.,'Switch to Spanish')]", "xpath:innerText"]
      ],
      "value": ""
    }, {
      "id": "bfb85983-c1e2-412e-aa4c-3d30f05ce16a",
      "comment": "Residency_MandatoryError_Spanish",
      "command": "verifyText",
      "target": "css=#residenceError > .spanish",
      "targets": [
        ["css=#residenceError > .spanish", "css:finder"],
        ["xpath=//div[@id='residenceError']/span[2]", "xpath:idRelative"],
        ["xpath=//div[3]/span[2]", "xpath:position"],
        ["xpath=//span[contains(.,'Por favor, seleccione sí o no.')]", "xpath:innerText"]
      ],
      "value": "Por favor, seleccione sí o no."
    }]
  }],
  "suites": [{
    "id": "255bd9a3-7f19-47c2-aa0b-b8f59e6f4f64",
    "name": "Default Suite",
    "persistSession": false,
    "parallel": false,
    "timeout": 300,
    "tests": ["cd61d066-8fed-4a2f-9146-1ae09de1b23d"]
  }],
  "urls": ["http://localhost:3000/"],
  "plugins": []
}