{
  "id": "d164b86e-7917-43b6-9ddd-8ca91becc25c",
  "version": "2.0",
  "name": "TNChildCare",
  "url": "http://tcses-modernization-alb-sit-81663130.ap-south-1.elb.amazonaws.com:9065",
  "tests": [{
    "id": "e3d3377c-2df7-4801-8c8a-2ccb4c04322c",
    "name": "SearchContactDatabase",
    "commands": [{
      "id": "70b81f4d-49f8-46ae-847a-e0f5bbb35dce",
      "comment": "contactId",
      "command": "click",
      "target": "xpath=//input[@name=\"contactId\"]",
      "targets": [
        ["id=mat-input-3", "id"],
        ["name=contactId", "name"],
        ["css=#mat-input-3", "css:finder"],
        ["xpath=//input[@id='mat-input-3']", "xpath:attributes"],
        ["xpath=//mat-tab-body[@id='mat-tab-content-0-3']/div/div/div/div[2]/tcses-search-contact/form/div/div/div/div[3]/div/div/div/mat-form-field/div/div/div/input", "xpath:idRelative"],
        ["xpath=//mat-form-field/div/div/div/input", "xpath:position"]
      ],
      "value": ""
    }, {
      "id": "ebc27a5b-a2d8-4853-b8f1-3329b893f24a",
      "comment": "contactId",
      "command": "type",
      "target": "xpath=//input[@name=\"contactId\"]",
      "targets": [
        ["id=mat-input-3", "id"],
        ["name=contactId", "name"],
        ["css=#mat-input-3", "css:finder"],
        ["xpath=//input[@id='mat-input-3']", "xpath:attributes"],
        ["xpath=//mat-tab-body[@id='mat-tab-content-0-3']/div/div/div/div[2]/tcses-search-contact/form/div/div/div/div[3]/div/div/div/mat-form-field/div/div/div/input", "xpath:idRelative"],
        ["xpath=//mat-form-field/div/div/div/input", "xpath:position"]
      ],
      "value": "53425"
    }, {
      "id": "4b86d66f-0071-44a9-81ef-3431270cdb83",
      "comment": "contactType",
      "command": "click",
      "target": "xpath=//input[@name=\"contactType\"]",
      "targets": [
        ["id=mat-input-4", "id"],
        ["name=contactType", "name"],
        ["css=#mat-input-4", "css:finder"],
        ["xpath=//input[@id='mat-input-4']", "xpath:attributes"],
        ["xpath=//mat-tab-body[@id='mat-tab-content-0-3']/div/div/div/div[2]/tcses-search-contact/form/div/div/div/div[3]/div/div/div[2]/mat-form-field/div/div/div/input", "xpath:idRelative"],
        ["xpath=//div[2]/mat-form-field/div/div/div/input", "xpath:position"]
      ],
      "value": ""
    }, {
      "id": "fe9afee0-ad82-4fac-9947-a93bdbb61eaf",
      "comment": "contactTypeOpt",
      "command": "click",
      "target": "xpath=//span[contains(text(),\"ADVOCACY GROUPS\")]",
      "targets": [
        ["css=#mat-option-27 > .mat-option-text", "css:finder"],
        ["xpath=//mat-option[@id='mat-option-27']/span", "xpath:idRelative"],
        ["xpath=//mat-option[3]/span", "xpath:position"],
        ["xpath=//span[contains(.,'ATTORNEY')]", "xpath:innerText"]
      ],
      "value": ""
    }, {
      "id": "d0bfc912-14fd-4565-9b86-01a575ecda6c",
      "comment": "firstName",
      "command": "click",
      "target": "xpath=//span[@name=\"firstName\"]",
      "targets": [
        ["id=mat-input-5", "id"],
        ["name=firstName", "name"],
        ["css=#mat-input-5", "css:finder"],
        ["xpath=//input[@id='mat-input-5']", "xpath:attributes"],
        ["xpath=//mat-tab-body[@id='mat-tab-content-0-3']/div/div/div/div[2]/tcses-search-contact/form/div/div/div/div[3]/div/div/div[3]/mat-form-field/div/div/div/input", "xpath:idRelative"],
        ["xpath=//div[3]/mat-form-field/div/div/div/input", "xpath:position"]
      ],
      "value": ""
    }, {
      "id": "cc0f4a5c-52cc-4d85-bf02-ee435de0e18b",
      "comment": "firstName",
      "command": "type",
      "target": "xpath=//span[@name=\"firstName\"]",
      "targets": [
        ["id=mat-input-5", "id"],
        ["name=firstName", "name"],
        ["css=#mat-input-5", "css:finder"],
        ["xpath=//input[@id='mat-input-5']", "xpath:attributes"],
        ["xpath=//mat-tab-body[@id='mat-tab-content-0-3']/div/div/div/div[2]/tcses-search-contact/form/div/div/div/div[3]/div/div/div[3]/mat-form-field/div/div/div/input", "xpath:idRelative"],
        ["xpath=//div[3]/mat-form-field/div/div/div/input", "xpath:position"]
      ],
      "value": "Hillary"
    }, {
      "id": "f45bb58b-504c-43fb-86ea-a7bfdbff1608",
      "comment": "lastName",
      "command": "click",
      "target": "xpath=//span[@name=\"lastName\"]",
      "targets": [
        ["id=mat-input-6", "id"],
        ["name=lastName", "name"],
        ["css=#mat-input-6", "css:finder"],
        ["xpath=//input[@id='mat-input-6']", "xpath:attributes"],
        ["xpath=//mat-tab-body[@id='mat-tab-content-0-3']/div/div/div/div[2]/tcses-search-contact/form/div/div/div/div[3]/div/div[2]/div/div/div/mat-form-field/div/div/div/input", "xpath:idRelative"],
        ["xpath=//div[2]/div/div/div/mat-form-field/div/div/div/input", "xpath:position"]
      ],
      "value": ""
    }, {
      "id": "c62743b5-6e0c-49d5-8bbc-ac12e294fb94",
      "comment": "lastName",
      "command": "type",
      "target": "xpath=//span[@name=\"lastName\"]",
      "targets": [
        ["id=mat-input-6", "id"],
        ["name=lastName", "name"],
        ["css=#mat-input-6", "css:finder"],
        ["xpath=//input[@id='mat-input-6']", "xpath:attributes"],
        ["xpath=//mat-tab-body[@id='mat-tab-content-0-3']/div/div/div/div[2]/tcses-search-contact/form/div/div/div/div[3]/div/div[2]/div/div/div/mat-form-field/div/div/div/input", "xpath:idRelative"],
        ["xpath=//div[2]/div/div/div/mat-form-field/div/div/div/input", "xpath:position"]
      ],
      "value": "Fox"
    }, {
      "id": "99c90068-326b-4312-ac56-ce3dfe4a8581",
      "comment": "institutionName",
      "command": "click",
      "target": "xpath=//input[@name=\"institution\"]",
      "targets": [
        ["id=mat-input-7", "id"],
        ["name=institution", "name"],
        ["css=#mat-input-7", "css:finder"],
        ["xpath=//input[@id='mat-input-7']", "xpath:attributes"],
        ["xpath=//mat-tab-body[@id='mat-tab-content-0-3']/div/div/div/div[2]/tcses-search-contact/form/div/div/div/div[3]/div/div[2]/div/div/div[2]/mat-form-field/div/div/div/input", "xpath:idRelative"],
        ["xpath=//div[2]/div/div/div[2]/mat-form-field/div/div/div/input", "xpath:position"]
      ],
      "value": ""
    }, {
      "id": "865658a3-6aa6-4cb9-ad39-ea1d6afb9cab",
      "comment": "institutionName",
      "command": "type",
      "target": "xpath=//input[@name=\"institution\"]",
      "targets": [
        ["id=mat-input-7", "id"],
        ["name=institution", "name"],
        ["css=#mat-input-7", "css:finder"],
        ["xpath=//input[@id='mat-input-7']", "xpath:attributes"],
        ["xpath=//mat-tab-body[@id='mat-tab-content-0-3']/div/div/div/div[2]/tcses-search-contact/form/div/div/div/div[3]/div/div[2]/div/div/div[2]/mat-form-field/div/div/div/input", "xpath:idRelative"],
        ["xpath=//div[2]/div/div/div[2]/mat-form-field/div/div/div/input", "xpath:position"]
      ],
      "value": "Foxtrot"
    }, {
      "id": "5ab02cf0-e104-46f7-a9fe-fd5700af4c53",
      "comment": "phoneNo",
      "command": "click",
      "target": "xpath=//input[@name=\"phoneNumber\"]",
      "targets": [
        ["id=mat-input-8", "id"],
        ["name=phoneNumber", "name"],
        ["css=#mat-input-8", "css:finder"],
        ["xpath=//input[@id='mat-input-8']", "xpath:attributes"],
        ["xpath=//mat-tab-body[@id='mat-tab-content-0-3']/div/div/div/div[2]/tcses-search-contact/form/div/div/div/div[3]/div/div[2]/div/div/div[3]/mat-form-field/div/div/div/input", "xpath:idRelative"],
        ["xpath=//div[2]/div/div/div[3]/mat-form-field/div/div/div/input", "xpath:position"]
      ],
      "value": ""
    }, {
      "id": "98e16043-6529-4a09-b85c-9384050d2c39",
      "comment": "phoneNo",
      "command": "type",
      "target": "xpath=//input[@name=\"phoneNumber\"]",
      "targets": [
        ["id=mat-input-8", "id"],
        ["name=phoneNumber", "name"],
        ["css=#mat-input-8", "css:finder"],
        ["xpath=//input[@id='mat-input-8']", "xpath:attributes"],
        ["xpath=//mat-tab-body[@id='mat-tab-content-0-3']/div/div/div/div[2]/tcses-search-contact/form/div/div/div/div[3]/div/div[2]/div/div/div[3]/mat-form-field/div/div/div/input", "xpath:idRelative"],
        ["xpath=//div[2]/div/div/div[3]/mat-form-field/div/div/div/input", "xpath:position"]
      ],
      "value": "(839) 898-2911"
    }, {
      "id": "0507ec28-da42-4eb6-b4a8-3b958ecc143f",
      "comment": "inquireBttn",
      "command": "click",
      "target": "xpath=//span[contains(text(),\"Inquire\")]",
      "targets": [
        ["css=.primary-default-button1 > .mat-button-wrapper", "css:finder"],
        ["xpath=//mat-tab-body[@id='mat-tab-content-0-3']/div/div/div/div[2]/tcses-search-contact/form/div/div/div/div[3]/div/div[3]/div/div/div[3]/button/span", "xpath:idRelative"],
        ["xpath=//div[3]/button/span", "xpath:position"],
        ["xpath=//span[contains(.,'Inquire')]", "xpath:innerText"]
      ],
      "value": ""
    }, {
      "id": "ef4311f5-4923-4bed-a382-8dc59142670f",
      "comment": "contactDBTab",
      "command": "verifyText",
      "target": "xpath=//div[@title=\"Contact Database\"]",
      "targets": [],
      "value": "CONTACT DATABASE"
    }, {
      "id": "7d49dc1f-50e2-4bdd-be54-d7f8a1ddd5cf",
      "comment": "createNewAcct",
      "command": "verifyEditable",
      "target": "xpath=//span[contains(text(),\"Create New Contact\")]/parent::button",
      "targets": [],
      "value": ""
    }]
  }],
  "suites": [{
    "id": "fceb2e87-b3d9-4357-b33e-1f5f9aad3edc",
    "name": "Default Suite",
    "persistSession": false,
    "parallel": false,
    "timeout": 300,
    "tests": ["e3d3377c-2df7-4801-8c8a-2ccb4c04322c"]
  }],
  "urls": ["http://tcses-modernization-alb-sit-81663130.ap-south-1.elb.amazonaws.com:9065/"],
  "plugins": []
}