<!DOCTYPE suite SYSTEM "https://testng.org/testng-1.0.dtd">
<!--<suite name="Suite">  parallel="tests" thread-count="2">-->
<suite name="Regression" parallel="tests" thread-count="4">
      <test name="UITests.TestNG.SD.ScreeningFlowTest" >
        <classes>
            <class name="UITests.TestNG.SD.ScreeningFlowTest" />
        </classes>
    </test>
    
     <test name="UITests.TestNG.SD.ScreeningFlowTest1" >
        <classes>
            <class name="UITests.TestNG.SD.ScreeningFlowTest1" />
        </classes>
    </test>
   

</suite>