{"testCaseName":"SauceLabHappyPath","module":"SD","browser":"Chrome","status":"Passed","totalSteps":32,"passed":10,"failed":0,"startTime":"2024-08-08 17:02:14","endTime":"2024-08-08 17:03:08","duration":null,"testSteps":[{"stepNo":1,"description":"","status":"INFO","startTime":"2024-08-08 17:02:14","endTime":"2024-08-08 17:02:14","duration":"00:00:00"},{"stepNo":2,"description":"Execute UserName  ====>  Navigate -> https://www.saucedemo.com/","status":"INFO","startTime":"2024-08-08 17:02:14","endTime":"2024-08-08 17:02:17","duration":"00:00:02"},{"stepNo":3,"description":"Execute UserName  ====>  Entered Text -> standard_user","status":"INFO","startTime":"2024-08-08 17:02:17","endTime":"2024-08-08 17:02:19","duration":"00:00:01"},{"stepNo":4,"description":"Execute UserName  ====>  Actual Value Displayed-->standard_user<--> Expected Value-->standard_user","status":"INFO","startTime":"2024-08-08 17:02:19","endTime":"2024-08-08 17:02:19","duration":"00:00:00"},{"stepNo":5,"description":"Execute Password  ====>  Entered Text -> secret_sauce","status":"INFO","startTime":"2024-08-08 17:02:19","endTime":"2024-08-08 17:02:20","duration":"00:00:00"},{"stepNo":6,"description":"Execute Password  ====>  Actual Value Displayed-->secret_sauce<--> Expected Value-->secret_sauce","status":"INFO","startTime":"2024-08-08 17:02:20","endTime":"2024-08-08 17:02:20","duration":"00:00:00"},{"stepNo":7,"description":"Click BTN_LoginButton  ====>  Click --> Login","status":"PASS","startTime":"2024-08-08 17:02:21","endTime":"2024-08-08 17:02:21","duration":"00:00:00"},{"stepNo":8,"description":"","status":"INFO","startTime":"2024-08-08 17:02:24","endTime":"2024-08-08 17:02:24","duration":"00:00:00"},{"stepNo":9,"description":"Click BTN_Product1  ====>  Click --> Add to cart","status":"PASS","startTime":"2024-08-08 17:02:24","endTime":"2024-08-08 17:02:25","duration":"00:00:00"},{"stepNo":10,"description":"Click BTN_Product2  ====>  Click --> Add to cart","status":"PASS","startTime":"2024-08-08 17:02:28","endTime":"2024-08-08 17:02:31","duration":"00:00:02"},{"stepNo":11,"description":"Click BTN_Product3  ====>  Click --> Add to cart","status":"PASS","startTime":"2024-08-08 17:02:34","endTime":"2024-08-08 17:02:37","duration":"00:00:03"},{"stepNo":12,"description":"Click BTN_AddToCart  ====>  Click --> 3","status":"PASS","startTime":"2024-08-08 17:02:41","endTime":"2024-08-08 17:02:44","duration":"00:00:02"},{"stepNo":13,"description":"","status":"INFO","startTime":"2024-08-08 17:02:46","endTime":"2024-08-08 17:02:46","duration":"00:00:00"},{"stepNo":14,"description":"Click BTN_RemoveProduct_Bike  ====>  Click --> Remove","status":"PASS","startTime":"2024-08-08 17:02:47","endTime":"2024-08-08 17:02:48","duration":"00:00:01"},{"stepNo":15,"description":"Click BTN_Checkout  ====>  Click --> Checkout","status":"PASS","startTime":"2024-08-08 17:02:50","endTime":"2024-08-08 17:02:51","duration":"00:00:01"},{"stepNo":16,"description":"","status":"INFO","startTime":"2024-08-08 17:02:53","endTime":"2024-08-08 17:02:53","duration":"00:00:00"},{"stepNo":17,"description":"Execute FirstName  ====>  Entered Text -> HappyPath","status":"INFO","startTime":"2024-08-08 17:02:53","endTime":"2024-08-08 17:02:54","duration":"00:00:00"},{"stepNo":18,"description":"Execute FirstName  ====>  Actual Value Displayed-->HappyPath<--> Expected Value-->HappyPath","status":"INFO","startTime":"2024-08-08 17:02:54","endTime":"2024-08-08 17:02:54","duration":"00:00:00"},{"stepNo":19,"description":"Execute LastName  ====>  Entered Text -> Scenario","status":"INFO","startTime":"2024-08-08 17:02:54","endTime":"2024-08-08 17:02:54","duration":"00:00:00"},{"stepNo":20,"description":"Execute LastName  ====>  Actual Value Displayed-->Scenario<--> Expected Value-->Scenario","status":"INFO","startTime":"2024-08-08 17:02:54","endTime":"2024-08-08 17:02:54","duration":"00:00:00"},{"stepNo":21,"description":"Execute ZipCode  ====>  Entered Text -> 400103","status":"INFO","startTime":"2024-08-08 17:02:55","endTime":"2024-08-08 17:02:55","duration":"00:00:00"},{"stepNo":22,"description":"Execute ZipCode  ====>  Actual Value Displayed-->400103<--> Expected Value-->400103","status":"INFO","startTime":"2024-08-08 17:02:55","endTime":"2024-08-08 17:02:55","duration":"00:00:00"},{"stepNo":23,"description":"Click BTN_ContinueButton  ====>  Click --> Continue","status":"PASS","startTime":"2024-08-08 17:02:56","endTime":"2024-08-08 17:02:56","duration":"00:00:00"},{"stepNo":24,"description":"Click BTN_ContinueButton  ====>  Click --> Finish","status":"PASS","startTime":"2024-08-08 17:02:58","endTime":"2024-08-08 17:02:59","duration":"00:00:01"},{"stepNo":25,"description":"","status":"INFO","startTime":"2024-08-08 17:03:01","endTime":"2024-08-08 17:03:01","duration":"00:00:00"},{"stepNo":26,"description":"Execute OrderConfirmationHeader  ====>  Sucessfully Zoomed the page to -->50%","status":"INFO","startTime":"2024-08-08 17:03:01","endTime":"2024-08-08 17:03:01","duration":"00:00:00"},{"stepNo":27,"description":"Actual Text Displayed-->Thank you for your order!Contains Expected Text:-Thank you for your order!","status":"INFO","startTime":"2024-08-08 17:03:01","endTime":"2024-08-08 17:03:02","duration":"00:00:00"},{"stepNo":28,"description":"Execute OrderConfirmationHeader  ====>  Sucessfully Zoomed the page to -->100%","status":"INFO","startTime":"2024-08-08 17:03:02","endTime":"2024-08-08 17:03:02","duration":"00:00:00"},{"stepNo":29,"description":"Execute OrderConfirmationText  ====>  Sucessfully Zoomed the page to -->50%","status":"INFO","startTime":"2024-08-08 17:03:03","endTime":"2024-08-08 17:03:03","duration":"00:00:00"},{"stepNo":30,"description":"Actual Text Displayed-->Your order has been dispatched, and will arrive just as fast as the pony can get there!Contains Expected Text:-Your order has been dispatched, and will arrive just as fast as the pony can get there!","status":"INFO","startTime":"2024-08-08 17:03:02","endTime":"2024-08-08 17:03:03","duration":"00:00:00"},{"stepNo":31,"description":"Execute OrderConfirmationText  ====>  Sucessfully Zoomed the page to -->100%","status":"INFO","startTime":"2024-08-08 17:03:04","endTime":"2024-08-08 17:03:04","duration":"00:00:00"},{"stepNo":32,"description":"Click BTN_BackToProducts  ====>  Click --> Back Home","status":"PASS","startTime":"2024-08-08 17:03:04","endTime":"2024-08-08 17:03:06","duration":"00:00:01"}],"currentStepData":{"currentStep":"Click BTN_BackToProducts  ====>  Click --> Back Home","status":"PASS"}}