{"testCaseStats":{"inProgress":0,"passed":0,"failed":1,"pending":0,"skipped":0,"inprogress":0},"modules":[{"inProgress":0,"name":"SD","passed":0,"failed":1,"pending":0,"skipped":0,"inprogress":0}],"browsers":[{"inProgress":0,"name":"Chrome","passed":0,"failed":1,"pending":0,"skipped":0,"inprogress":0}],"testCases":[{"testCaseName":"ScreeningHappyPath","module":"SD","browser":"Chrome","status":"Failed","totalSteps":10,"passed":2,"failed":2,"startTime":"2024-08-23 19:28:00","endTime":null,"duration":null,"testSteps":[{"stepNo":1,"description":"","status":"INFO","startTime":"2024-08-23 19:28:00","endTime":"2024-08-23 19:28:00","duration":"00:00:00"},{"stepNo":2,"description":"Execute UserName  ====>  Navigate -> https://login.4.cares.cwds.ca.gov","status":"INFO","startTime":"2024-08-23 19:28:00","endTime":"2024-08-23 19:28:01","duration":"00:00:00"},{"stepNo":3,"description":"Username  ====>  Entered Text -> Auto_Hstaff1_ContraCosta_V1_SIT@nomail.ca.gov","status":"INFO","startTime":"2024-08-23 19:28:01","endTime":"2024-08-23 19:28:07","duration":"00:00:05"},{"stepNo":4,"description":"Username  ====>  Actual Value Displayed-->Auto_Hstaff1_ContraCosta_V1_SIT@nomail.ca.gov<--> Expected Value-->Auto_Hstaff1_ContraCosta_V1_SIT@nomail.ca.gov","status":"INFO","startTime":"2024-08-23 19:28:07","endTime":"2024-08-23 19:28:07","duration":"00:00:00"},{"stepNo":5,"description":"Password  ====>  Entered Text -> Cares@40134756379322","status":"INFO","startTime":"2024-08-23 19:28:07","endTime":"2024-08-23 19:28:07","duration":"00:00:00"},{"stepNo":6,"description":"Password  ====>  Actual Value Displayed-->Cares@40134756379322<--> Expected Value-->Cares@40134756379322","status":"INFO","startTime":"2024-08-23 19:28:07","endTime":"2024-08-23 19:28:07","duration":"00:00:00"},{"stepNo":7,"description":"SignIn  ====>  Click --> Sign in","status":"PASS","startTime":"2024-08-23 19:28:08","endTime":"2024-08-23 19:28:08","duration":"00:00:00"},{"stepNo":8,"description":"SelectApp  ====>  Click --> CWS-CARES (SIT V1)","status":"PASS","startTime":"2024-08-23 19:28:17","endTime":"2024-08-23 19:28:17","duration":"00:00:00"},{"stepNo":9,"description":"Navigate -> ","status":"FAIL","startTime":"2024-08-23 19:28:19","endTime":"2024-08-23 19:28:19","duration":"00:00:00"},{"stepNo":10,"description":"NewBtn","status":"FAIL","startTime":"2024-08-23 19:28:19","endTime":"2024-08-23 19:28:20","duration":"00:00:01"}],"currentStepData":{"currentStep":"NewBtn","status":"FAIL"}}]}