{"testCaseStats":{"inProgress":0,"passed":1,"failed":0,"pending":1,"skipped":0,"inprogress":0},"modules":[{"inProgress":0,"name":"SD","passed":1,"failed":0,"pending":1,"skipped":0,"inprogress":0}],"browsers":[{"inProgress":0,"name":"Chrome","passed":1,"failed":0,"pending":1,"skipped":0,"inprogress":0}],"testCases":[{"testCaseName":"ScreeningHappyPath","module":"SD","browser":"Chrome","status":"Passed","totalSteps":20,"passed":8,"failed":0,"startTime":"2024-08-23 19:35:14","endTime":null,"duration":null,"testSteps":[{"stepNo":1,"description":"","status":"INFO","startTime":"2024-08-23 19:35:14","endTime":"2024-08-23 19:35:14","duration":"00:00:00"},{"stepNo":2,"description":"Execute UserName  ====>  Navigate -> https://login.4.cares.cwds.ca.gov","status":"INFO","startTime":"2024-08-23 19:35:14","endTime":"2024-08-23 19:35:15","duration":"00:00:00"},{"stepNo":3,"description":"Username  ====>  Entered Text -> Auto_Hstaff1_ContraCosta_V1_SIT@nomail.ca.gov","status":"INFO","startTime":"2024-08-23 19:35:15","endTime":"2024-08-23 19:35:21","duration":"00:00:05"},{"stepNo":4,"description":"Username  ====>  Actual Value Displayed-->Auto_Hstaff1_ContraCosta_V1_SIT@nomail.ca.gov<--> Expected Value-->Auto_Hstaff1_ContraCosta_V1_SIT@nomail.ca.gov","status":"INFO","startTime":"2024-08-23 19:35:21","endTime":"2024-08-23 19:35:21","duration":"00:00:00"},{"stepNo":5,"description":"Password  ====>  Entered Text -> Cares@40134756379322","status":"INFO","startTime":"2024-08-23 19:35:21","endTime":"2024-08-23 19:35:22","duration":"00:00:00"},{"stepNo":6,"description":"Password  ====>  Actual Value Displayed-->Cares@40134756379322<--> Expected Value-->Cares@40134756379322","status":"INFO","startTime":"2024-08-23 19:35:22","endTime":"2024-08-23 19:35:22","duration":"00:00:00"},{"stepNo":7,"description":"SignIn  ====>  Click --> Sign in","status":"PASS","startTime":"2024-08-23 19:35:22","endTime":"2024-08-23 19:35:22","duration":"00:00:00"},{"stepNo":8,"description":"SelectApp  ====>  Click --> CWS-CARES (SIT V1)","status":"PASS","startTime":"2024-08-23 19:35:31","endTime":"2024-08-23 19:35:32","duration":"00:00:00"},{"stepNo":9,"description":"NewBtn  ====>  Click --> New","status":"PASS","startTime":"2024-08-23 19:36:37","endTime":"2024-08-23 19:36:39","duration":"00:00:01"},{"stepNo":10,"description":"Date  ====>  Entered Text -> 08/23/2024","status":"INFO","startTime":"2024-08-23 19:36:45","endTime":"2024-08-23 19:36:49","duration":"00:00:04"},{"stepNo":11,"description":"Date  ====>  Actual Value Displayed-->08/23/2024<--> Expected Value-->08/23/2024","status":"INFO","startTime":"2024-08-23 19:36:49","endTime":"2024-08-23 19:36:49","duration":"00:00:00"},{"stepNo":12,"description":"ScreeningName  ====>  Entered Text -> test1","status":"INFO","startTime":"2024-08-23 19:36:49","endTime":"2024-08-23 19:36:53","duration":"00:00:03"},{"stepNo":13,"description":"ScreeningName  ====>  Actual Value Displayed-->test1<--> Expected Value-->test1","status":"INFO","startTime":"2024-08-23 19:36:53","endTime":"2024-08-23 19:36:53","duration":"00:00:00"},{"stepNo":14,"description":"ReasonForCallDrpDwn  ====>  Click --> None","status":"INFO","startTime":"2024-08-23 19:36:58","endTime":"2024-08-23 19:37:03","duration":"00:00:05"},{"stepNo":15,"description":"ReasonForCallValue  ====>  Click --> Abuse/Neglect Referral","status":"PASS","startTime":"2024-08-23 19:37:08","endTime":"2024-08-23 19:37:09","duration":"00:00:01"},{"stepNo":16,"description":"ScreeningNarrative  ====>  Click --> ","status":"INFO","startTime":"2024-08-23 19:37:18","endTime":"2024-08-23 19:37:23","duration":"00:00:05"},{"stepNo":17,"description":"CallerType  ====>  Click --> Caller (Non-Mandated Reporter)","status":"PASS","startTime":"2024-08-23 19:37:28","endTime":"2024-08-23 19:37:30","duration":"00:00:01"},{"stepNo":18,"description":"CallBackRequiredDrpDwn  ====>  Click --> Select","status":"PASS","startTime":"2024-08-23 19:37:38","endTime":"2024-08-23 19:37:40","duration":"00:00:01"},{"stepNo":19,"description":"CallBackRequiredValue  ====>  Click --> Yes","status":"PASS","startTime":"2024-08-23 19:37:48","endTime":"2024-08-23 19:37:50","duration":"00:00:01"},{"stepNo":20,"description":"SaveAndProceed  ====>  Click --> Save and Proceed","status":"PASS","startTime":"2024-08-23 19:37:58","endTime":"2024-08-23 19:37:59","duration":"00:00:01"}],"currentStepData":{"currentStep":"SaveAndProceed  ====>  Click --> Save and Proceed","status":"PASS"}}]}