{"testCaseName":"SauceLabHappyPath","module":"SD","browser":"Chrome","status":"Failed","totalSteps":2,"passed":0,"failed":1,"startTime":"2024-08-07 14:03:59","endTime":"2024-08-07 14:04:17","duration":null,"testSteps":[{"stepNo":1,"description":"","status":"INFO","startTime":"2024-08-07 14:03:59","endTime":"2024-08-07 14:03:59","duration":"00:00:00"},{"stepNo":2,"description":"Process  SauceLogin","status":"FAIL","startTime":"2024-08-07 14:03:59","endTime":"2024-08-07 14:04:16","duration":"00:00:16"}],"currentStepData":{"currentStep":"Process  SauceLogin","status":"FAIL"}}