{"testCaseStats":{"inProgress":0,"passed":0,"failed":0,"pending":1,"skipped":0,"inprogress":0},"modules":[{"inProgress":0,"name":"SD","passed":0,"failed":0,"pending":1,"skipped":0,"inprogress":0}],"browsers":[{"inProgress":0,"name":"Chrome","passed":0,"failed":0,"pending":1,"skipped":0,"inprogress":0}],"testCases":[{"testCaseName":"ScreeningHappyPath","module":"SD","browser":"Chrome","status":"Pending","totalSteps":0,"passed":0,"failed":0,"startTime":null,"endTime":null,"duration":null,"testSteps":[],"currentStepData":{"currentStep":null,"status":null}}]}