{
  "id": "d164b86e-7917-43b6-9ddd-8ca91becc25c",
  "version": "2.0",
  "name": "TNChildCare",
  "url": "http://tcses-modernization-alb-sit-81663130.ap-south-1.elb.amazonaws.com:9065",
  "tests": [{
    "id": "e3d3377c-2df7-4801-8c8a-2ccb4c04322c",
    "name": "SearchContactDatabase",
    "commands": [{
      "id": "88e91294-db98-4ccc-8e12-034182ef5efa",
      "comment": "createNewAcct",
      "command": "click",
      "target": "xpath=xpath=//span[contains(text(),\"Create New Contact\")]",
      "targets": [
        ["css=.cdk-focused", "css:finder"],
        ["xpath=(//button[@type='button'])[5]", "xpath:attributes"],
        ["xpath=//mat-tab-body[@id='mat-tab-content-0-3']/div/div/div/div[2]/tcses-update-contact/form/div/div/div/div[4]/div/div/div[2]/button", "xpath:idRelative"],
        ["xpath=//div[4]/div/div/div[2]/button", "xpath:position"]
      ],
      "value": ""
    }, {
      "id": "b6509090-fafa-43fc-a6bb-f21b0337e583",
      "comment": "contactType",
      "command": "click",
      "target": "xpath=(//*[@formcontrolname=\"contactType\"]//./div)[3]",
      "targets": [],
      "value": ""
    }, {
      "id": "0e8bb2e4-db22-427e-8be5-b990473be6da",
      "comment": "contactTypeOption",
      "command": "click",
      "target": "xpath=//span[text()=\"ATTORNEY\"]",
      "targets": [],
      "value": ""
    }, {
      "id": "2d0fccde-fa91-4c45-a33c-188b4d141580",
      "comment": "firstNameCrAct",
      "command": "click",
      "target": "xpath=(//input[@name=\"nmeFrst\"])[1]",
      "targets": [
        ["id=mat-input-41", "id"],
        ["name=nmeFrst", "name"],
        ["css=#mat-input-41", "css:finder"],
        ["xpath=//input[@id='mat-input-41']", "xpath:attributes"],
        ["xpath=//mat-tab-body[@id='mat-tab-content-0-3']/div/div/div/div[2]/tcses-add-contact/form/div/div/div/div[2]/mat-grid-list/div/mat-grid-tile[2]/div/div/mat-form-field/div/div/div/input", "xpath:idRelative"],
        ["xpath=//mat-form-field/div/div/div/input", "xpath:position"]
      ],
      "value": ""
    }, {
      "id": "3f3b85d9-fc30-443d-8aae-9ff5662e2acf",
      "comment": "firstNameCrAct",
      "command": "type",
      "target": "xpath=(//input[@name=\"nmeFrst\"])[1]",
      "targets": [
        ["id=mat-input-41", "id"],
        ["name=nmeFrst", "name"],
        ["css=#mat-input-41", "css:finder"],
        ["xpath=//input[@id='mat-input-41']", "xpath:attributes"],
        ["xpath=//mat-tab-body[@id='mat-tab-content-0-3']/div/div/div/div[2]/tcses-add-contact/form/div/div/div/div[2]/mat-grid-list/div/mat-grid-tile[2]/div/div/mat-form-field/div/div/div/input", "xpath:idRelative"],
        ["xpath=//mat-form-field/div/div/div/input", "xpath:position"]
      ],
      "value": "Crity"
    }, {
      "id": "4d90e8bf-1710-4b66-b35b-57028dd75e89",
      "comment": "middleNameCrAct",
      "command": "click",
      "target": "xpath=(//input[@name=\"nmeMid\"])[1]",
      "targets": [
        ["id=mat-input-42", "id"],
        ["name=nmeMid", "name"],
        ["css=#mat-input-42", "css:finder"],
        ["xpath=//input[@id='mat-input-42']", "xpath:attributes"],
        ["xpath=//mat-tab-body[@id='mat-tab-content-0-3']/div/div/div/div[2]/tcses-add-contact/form/div/div/div/div[2]/mat-grid-list/div/mat-grid-tile[3]/div/div/mat-form-field/div/div/div/input", "xpath:idRelative"],
        ["xpath=//mat-grid-tile[3]/div/div/mat-form-field/div/div/div/input", "xpath:position"]
      ],
      "value": ""
    }, {
      "id": "c9cb4d84-b3cc-4b1f-87ef-ace2d4da18e9",
      "comment": "middleNameCrAct",
      "command": "type",
      "target": "xpath=(//input[@name=\"nmeMid\"])[1]",
      "targets": [
        ["id=mat-input-42", "id"],
        ["name=nmeMid", "name"],
        ["css=#mat-input-42", "css:finder"],
        ["xpath=//input[@id='mat-input-42']", "xpath:attributes"],
        ["xpath=//mat-tab-body[@id='mat-tab-content-0-3']/div/div/div/div[2]/tcses-add-contact/form/div/div/div/div[2]/mat-grid-list/div/mat-grid-tile[3]/div/div/mat-form-field/div/div/div/input", "xpath:idRelative"],
        ["xpath=//mat-grid-tile[3]/div/div/mat-form-field/div/div/div/input", "xpath:position"]
      ],
      "value": "M"
    }, {
      "id": "12cdbca4-a435-4602-b3ea-30f63646bfdb",
      "comment": "lastNameCrAct",
      "command": "click",
      "target": "xpath=(//input[@name=\"nmeLast\"])[1]",
      "targets": [
        ["id=mat-input-43", "id"],
        ["name=nmeLast", "name"],
        ["css=#mat-input-43", "css:finder"],
        ["xpath=//input[@id='mat-input-43']", "xpath:attributes"],
        ["xpath=//mat-tab-body[@id='mat-tab-content-0-3']/div/div/div/div[2]/tcses-add-contact/form/div/div/div/div[2]/mat-grid-list[2]/div/mat-grid-tile/div/div/mat-form-field/div/div/div/input", "xpath:idRelative"],
        ["xpath=//mat-grid-list[2]/div/mat-grid-tile/div/div/mat-form-field/div/div/div/input", "xpath:position"]
      ],
      "value": ""
    }, {
      "id": "bdcee0b9-5547-42bd-a667-6519e9298b65",
      "comment": "lastNameCrAct",
      "command": "type",
      "target": "xpath=(//input[@name=\"nmeLast\"])[1]",
      "targets": [
        ["id=mat-input-43", "id"],
        ["name=nmeLast", "name"],
        ["css=#mat-input-43", "css:finder"],
        ["xpath=//input[@id='mat-input-43']", "xpath:attributes"],
        ["xpath=//mat-tab-body[@id='mat-tab-content-0-3']/div/div/div/div[2]/tcses-add-contact/form/div/div/div/div[2]/mat-grid-list[2]/div/mat-grid-tile/div/div/mat-form-field/div/div/div/input", "xpath:idRelative"],
        ["xpath=//mat-grid-list[2]/div/mat-grid-tile/div/div/mat-form-field/div/div/div/input", "xpath:position"]
      ],
      "value": "Gibbons"
    }, {
      "id": "4a19b994-8fee-460d-add2-740dcc242cc3",
      "comment": "suffixDrpDwn",
      "command": "click",
      "target": "xpath=(//*[@name=\"nmeTtl\"]/div)[1]/div[2]",
      "targets": [
        ["css=#mat-select-value-29 > .mat-select-placeholder", "css:finder"],
        ["xpath=//div[@id='mat-select-value-29']/span", "xpath:idRelative"],
        ["xpath=//mat-grid-tile[2]/div/div/mat-form-field/div/div/div/mat-select/div/div/span", "xpath:position"]
      ],
      "value": ""
    }, {
      "id": "40602253-ccd5-4d92-b72e-01bf56becf40",
      "comment": "suffixDrpDwnVal",
      "command": "click",
      "target": "xpath=//span[contains(text(),\"JUNIOR\")]",
      "targets": [
        ["css=#mat-option-753 > .mat-option-text", "css:finder"],
        ["xpath=//mat-option[@id='mat-option-753']/span", "xpath:idRelative"],
        ["xpath=//mat-option[2]/span", "xpath:position"],
        ["xpath=//span[contains(.,'JUNIOR')]", "xpath:innerText"]
      ],
      "value": ""
    }, {
      "id": "77ab3716-5f2f-4e92-afea-dd08e05b6598",
      "comment": "institutionName",
      "command": "click",
      "target": "xpath=(//*[@name=\"nmeInst\"])[1]",
      "targets": [
        ["id=mat-input-44", "id"],
        ["name=nmeInst", "name"],
        ["css=#mat-input-44", "css:finder"],
        ["xpath=//input[@id='mat-input-44']", "xpath:attributes"],
        ["xpath=//mat-tab-body[@id='mat-tab-content-0-3']/div/div/div/div[2]/tcses-add-contact/form/div/div/div/div[2]/mat-grid-list[2]/div/mat-grid-tile[3]/div/div/mat-form-field/div/div/div/input", "xpath:idRelative"],
        ["xpath=//mat-grid-list[2]/div/mat-grid-tile[3]/div/div/mat-form-field/div/div/div/input", "xpath:position"]
      ],
      "value": ""
    }, {
      "id": "234069ab-bc02-4c6c-9dd7-c578a58a1974",
      "comment": "institutionName",
      "command": "type",
      "target": "xpath=xpath=(//*[@name=\"nmeInst\"])[1]",
      "targets": [
        ["id=mat-input-44", "id"],
        ["name=nmeInst", "name"],
        ["css=#mat-input-44", "css:finder"],
        ["xpath=//input[@id='mat-input-44']", "xpath:attributes"],
        ["xpath=//mat-tab-body[@id='mat-tab-content-0-3']/div/div/div/div[2]/tcses-add-contact/form/div/div/div/div[2]/mat-grid-list[2]/div/mat-grid-tile[3]/div/div/mat-form-field/div/div/div/input", "xpath:idRelative"],
        ["xpath=//mat-grid-list[2]/div/mat-grid-tile[3]/div/div/mat-form-field/div/div/div/input", "xpath:position"]
      ],
      "value": "Gabbana"
    }, {
      "id": "a1db3825-387e-413c-9cfd-c854554d1e82",
      "comment": "addLin1",
      "command": "click",
      "target": "xpath=(//*[@name=\"addrLine1\"])[1]",
      "targets": [
        ["id=mat-input-45", "id"],
        ["name=addrLine1", "name"],
        ["css=#mat-input-45", "css:finder"],
        ["xpath=//input[@id='mat-input-45']", "xpath:attributes"],
        ["xpath=//mat-tab-body[@id='mat-tab-content-0-3']/div/div/div/div[2]/tcses-add-contact/form/div/div/div/div[2]/mat-grid-list[3]/div/mat-grid-tile/div/div/mat-form-field/div/div/div/input", "xpath:idRelative"],
        ["xpath=//mat-grid-list[3]/div/mat-grid-tile/div/div/mat-form-field/div/div/div/input", "xpath:position"]
      ],
      "value": ""
    }, {
      "id": "37686618-c64d-402b-9862-38eb418ccd4a",
      "comment": "addLin1",
      "command": "type",
      "target": "xpath=(//*[@name=\"addrLine1\"])[1]",
      "targets": [
        ["id=mat-input-45", "id"],
        ["name=addrLine1", "name"],
        ["css=#mat-input-45", "css:finder"],
        ["xpath=//input[@id='mat-input-45']", "xpath:attributes"],
        ["xpath=//mat-tab-body[@id='mat-tab-content-0-3']/div/div/div/div[2]/tcses-add-contact/form/div/div/div/div[2]/mat-grid-list[3]/div/mat-grid-tile/div/div/mat-form-field/div/div/div/input", "xpath:idRelative"],
        ["xpath=//mat-grid-list[3]/div/mat-grid-tile/div/div/mat-form-field/div/div/div/input", "xpath:position"]
      ],
      "value": "2300 Evergreen Park DR SW"
    }, {
      "id": "dfe514c5-800f-462e-a186-46d4251d4d1b",
      "comment": "cityName",
      "command": "click",
      "target": "(//*[@name=\"nmeCty\"])[1]",
      "targets": [
        ["id=mat-input-48", "id"],
        ["name=nmeCty", "name"],
        ["css=#mat-input-48", "css:finder"],
        ["xpath=//input[@id='mat-input-48']", "xpath:attributes"],
        ["xpath=//mat-tab-body[@id='mat-tab-content-0-3']/div/div/div/div[2]/tcses-add-contact/form/div/div/div/div[2]/mat-grid-list[4]/div/mat-grid-tile/div/div/mat-form-field/div/div/div/input", "xpath:idRelative"],
        ["xpath=//mat-grid-list[4]/div/mat-grid-tile/div/div/mat-form-field/div/div/div/input", "xpath:position"]
      ],
      "value": ""
    }, {
      "id": "d53598b0-cd1c-4339-a612-8b8d855a1b6f",
      "comment": "cityName",
      "command": "type",
      "target": "xpath=(//*[@name=\"nmeCty\"])[1]",
      "targets": [
        ["id=mat-input-48", "id"],
        ["name=nmeCty", "name"],
        ["css=#mat-input-48", "css:finder"],
        ["xpath=//input[@id='mat-input-48']", "xpath:attributes"],
        ["xpath=//mat-tab-body[@id='mat-tab-content-0-3']/div/div/div/div[2]/tcses-add-contact/form/div/div/div/div[2]/mat-grid-list[4]/div/mat-grid-tile/div/div/mat-form-field/div/div/div/input", "xpath:idRelative"],
        ["xpath=//mat-grid-list[4]/div/mat-grid-tile/div/div/mat-form-field/div/div/div/input", "xpath:position"]
      ],
      "value": "Chattanooga"
    }, {
      "id": "a096108f-ea10-4244-a1b1-9efaad91b51a",
      "comment": "stateDrpDwn",
      "command": "click",
      "target": "xpath=(//*[@name=\"cdeSt\"]/div)[1]/div[2]",
      "targets": [
        ["css=#mat-select-value-31 > .mat-select-placeholder", "css:finder"],
        ["xpath=//div[@id='mat-select-value-31']/span", "xpath:idRelative"],
        ["xpath=//mat-grid-list[4]/div/mat-grid-tile[2]/div/div/mat-form-field/div/div/div/mat-select/div/div/span", "xpath:position"]
      ],
      "value": ""
    }, {
      "id": "25156931-f8b5-40f8-8a24-67ff347ad4c8",
      "comment": "stateDrpDwnOpt",
      "command": "click",
      "target": "xpath=//span[contains(text(),\"TENNESSEE\")]",
      "targets": [
        ["css=#mat-option-972 > .mat-option-text", "css:finder"],
        ["xpath=//mat-option[@id='mat-option-972']/span", "xpath:idRelative"],
        ["xpath=//mat-option[2]/span", "xpath:position"],
        ["xpath=//span[contains(.,'TENNESSEE')]", "xpath:innerText"]
      ],
      "value": ""
    }, {
      "id": "f4d783a4-1e45-45b4-8c77-b22d22273bb2",
      "comment": "countyName",
      "command": "click",
      "target": "xpath=(//*[@name=\"cdeCnty\"]/div)[1]/div[2]",
      "targets": [
        ["css=#mat-select-value-33 > .mat-select-placeholder", "css:finder"],
        ["xpath=//div[@id='mat-select-value-33']/span", "xpath:idRelative"],
        ["xpath=//mat-grid-tile[3]/div/div/mat-form-field/div/div/div/mat-select/div/div/span", "xpath:position"]
      ],
      "value": ""
    }, {
      "id": "38b4215a-16fe-4a0a-958f-e013c9591eee",
      "comment": "countyNameVal",
      "command": "click",
      "target": "xpath=//span[contains(text(),\"BENTON\")]",
      "targets": [
        ["css=#mat-option-823 > .mat-option-text", "css:finder"],
        ["xpath=//mat-option[@id='mat-option-823']/span", "xpath:idRelative"],
        ["xpath=//mat-option[4]/span", "xpath:position"],
        ["xpath=//span[contains(.,'BENTON')]", "xpath:innerText"]
      ],
      "value": ""
    }, {
      "id": "3bc41690-d707-486f-a944-2354dbd0a62a",
      "comment": "zipCode",
      "command": "click",
      "target": "xpath=(//input[@name=\"cdeZip\"])[1]",
      "targets": [
        ["id=mat-input-49", "id"],
        ["name=cdeZip", "name"],
        ["css=#mat-input-49", "css:finder"],
        ["xpath=//input[@id='mat-input-49']", "xpath:attributes"],
        ["xpath=//mat-tab-body[@id='mat-tab-content-0-3']/div/div/div/div[2]/tcses-add-contact/form/div/div/div/div[2]/mat-grid-list[5]/div/mat-grid-tile/div/div/mat-form-field/div/div/div/input", "xpath:idRelative"],
        ["xpath=//mat-grid-list[5]/div/mat-grid-tile/div/div/mat-form-field/div/div/div/input", "xpath:position"]
      ],
      "value": ""
    }, {
      "id": "6ee42e25-3c3e-4b46-ab2f-3f3beb31c6bf",
      "comment": "zipCode",
      "command": "type",
      "target": "xpath=(//input[@name=\"cdeZip\"])[1]",
      "targets": [
        ["id=mat-input-49", "id"],
        ["name=cdeZip", "name"],
        ["css=#mat-input-49", "css:finder"],
        ["xpath=//input[@id='mat-input-49']", "xpath:attributes"],
        ["xpath=//mat-tab-body[@id='mat-tab-content-0-3']/div/div/div/div[2]/tcses-add-contact/form/div/div/div/div[2]/mat-grid-list[5]/div/mat-grid-tile/div/div/mat-form-field/div/div/div/input", "xpath:idRelative"],
        ["xpath=//mat-grid-list[5]/div/mat-grid-tile/div/div/mat-form-field/div/div/div/input", "xpath:position"]
      ],
      "value": "37403"
    }, {
      "id": "647fa8bd-ff5c-49d4-9eb1-d3acdfa5c506",
      "comment": "countryDrpDwn",
      "command": "click",
      "target": "xpath=(//*[@name=\"cdeCntry\"]/div)[1]/div[2]",
      "targets": [
        ["css=#mat-select-value-35 > .mat-select-placeholder", "css:finder"],
        ["xpath=//div[@id='mat-select-value-35']/span", "xpath:idRelative"],
        ["xpath=//mat-grid-list[5]/div/mat-grid-tile[2]/div/div/mat-form-field/div/div/div/mat-select/div/div/span", "xpath:position"]
      ],
      "value": ""
    }, {
      "id": "50ba7371-5c42-41fd-aded-fa52b47477f4",
      "comment": "countryDrpDwnVal",
      "command": "click",
      "target": "xpath=//span[contains(text(),\"UNITED STATES OF AMERICA\")]",
      "targets": [
        ["css=#mat-option-775 > .mat-option-text", "css:finder"],
        ["xpath=//mat-option[@id='mat-option-775']/span", "xpath:idRelative"],
        ["xpath=//mat-option[2]/span", "xpath:position"],
        ["xpath=//span[contains(.,'UNITED STATES OF AMERICA')]", "xpath:innerText"]
      ],
      "value": ""
    }, {
      "id": "c398396a-401c-42ac-8e2a-2cc5cbc54d22",
      "comment": "email",
      "command": "click",
      "target": "xpath=(//input[@formcontrolname=\"email\"])[1]",
      "targets": [
        ["id=mat-input-50", "id"],
        ["css=#mat-input-50", "css:finder"],
        ["xpath=//input[@id='mat-input-50']", "xpath:attributes"],
        ["xpath=//mat-tab-body[@id='mat-tab-content-0-3']/div/div/div/div[2]/tcses-add-contact/form/div/div/div/div[2]/mat-grid-list[5]/div/mat-grid-tile[3]/div/div/mat-form-field/div/div/div/input", "xpath:idRelative"],
        ["xpath=//mat-grid-list[5]/div/mat-grid-tile[3]/div/div/mat-form-field/div/div/div/input", "xpath:position"]
      ],
      "value": ""
    }, {
      "id": "1ec88742-773c-4371-bd43-19660c5b63dd",
      "comment": "email",
      "command": "type",
      "target": "xpath=(//input[@formcontrolname=\"email\"])[1]",
      "targets": [
        ["id=mat-input-50", "id"],
        ["css=#mat-input-50", "css:finder"],
        ["xpath=//input[@id='mat-input-50']", "xpath:attributes"],
        ["xpath=//mat-tab-body[@id='mat-tab-content-0-3']/div/div/div/div[2]/tcses-add-contact/form/div/div/div/div[2]/mat-grid-list[5]/div/mat-grid-tile[3]/div/div/mat-form-field/div/div/div/input", "xpath:idRelative"],
        ["xpath=//mat-grid-list[5]/div/mat-grid-tile[3]/div/div/mat-form-field/div/div/div/input", "xpath:position"]
      ],
      "value": "cristy.gibbons@mailinator.com"
    }, {
      "id": "48189f91-73b8-4543-a4d8-d816f6cb5635",
      "comment": "phoneNo",
      "command": "click",
      "target": "xpath=(//input[@formcontrolname=\"txtPhneNbr\"])[1]",
      "targets": [
        ["id=mat-input-51", "id"],
        ["name=txtPhneNbr", "name"],
        ["css=#mat-input-51", "css:finder"],
        ["xpath=//input[@id='mat-input-51']", "xpath:attributes"],
        ["xpath=//mat-tab-body[@id='mat-tab-content-0-3']/div/div/div/div[2]/tcses-add-contact/form/div/div/div/div[2]/mat-grid-list[5]/div/mat-grid-tile[4]/div/div/mat-form-field/div/div/div/input", "xpath:idRelative"],
        ["xpath=//mat-grid-tile[4]/div/div/mat-form-field/div/div/div/input", "xpath:position"]
      ],
      "value": ""
    }, {
      "id": "9b8dfdc6-c3ce-4030-bd72-a739307018ec",
      "comment": "phoneNo",
      "command": "type",
      "target": "xpath=(//input[@formcontrolname=\"txtPhneNbr\"])[1]",
      "targets": [
        ["id=mat-input-51", "id"],
        ["name=txtPhneNbr", "name"],
        ["css=#mat-input-51", "css:finder"],
        ["xpath=//input[@id='mat-input-51']", "xpath:attributes"],
        ["xpath=//mat-tab-body[@id='mat-tab-content-0-3']/div/div/div/div[2]/tcses-add-contact/form/div/div/div/div[2]/mat-grid-list[5]/div/mat-grid-tile[4]/div/div/mat-form-field/div/div/div/input", "xpath:idRelative"],
        ["xpath=//mat-grid-tile[4]/div/div/mat-form-field/div/div/div/input", "xpath:position"]
      ],
      "value": "(478) 392-8392"
    }, {
      "id": "ac67dc7a-c243-4d61-b596-5a618a0c7745",
      "comment": "extNo",
      "command": "click",
      "target": "xpath=(//input[@formcontrolname=\"txtPhneNbrExt\"])[1]",
      "targets": [
        ["id=mat-input-52", "id"],
        ["name=txtPhneNbrExt", "name"],
        ["css=#mat-input-52", "css:finder"],
        ["xpath=//input[@id='mat-input-52']", "xpath:attributes"],
        ["xpath=//mat-tab-body[@id='mat-tab-content-0-3']/div/div/div/div[2]/tcses-add-contact/form/div/div/div/div[2]/mat-grid-list[5]/div/mat-grid-tile[5]/div/div/mat-form-field/div/div/div/input", "xpath:idRelative"],
        ["xpath=//mat-grid-tile[5]/div/div/mat-form-field/div/div/div/input", "xpath:position"]
      ],
      "value": ""
    }, {
      "id": "8a62de1c-d725-4999-b666-aa7b48eca531",
      "comment": "extNo",
      "command": "type",
      "target": "xpath=(//input[@formcontrolname=\"txtPhneNbrExt\"])[1]",
      "targets": [
        ["id=mat-input-52", "id"],
        ["name=txtPhneNbrExt", "name"],
        ["css=#mat-input-52", "css:finder"],
        ["xpath=//input[@id='mat-input-52']", "xpath:attributes"],
        ["xpath=//mat-tab-body[@id='mat-tab-content-0-3']/div/div/div/div[2]/tcses-add-contact/form/div/div/div/div[2]/mat-grid-list[5]/div/mat-grid-tile[5]/div/div/mat-form-field/div/div/div/input", "xpath:idRelative"],
        ["xpath=//mat-grid-tile[5]/div/div/mat-form-field/div/div/div/input", "xpath:position"]
      ],
      "value": "4823"
    }, {
      "id": "bd2252db-2980-4746-a6b7-07f4705c4061",
      "comment": "faxNo",
      "command": "click",
      "target": "xpath=(//input[@formcontrolname=\"txtFaxNbr\"])[1]",
      "targets": [
        ["id=mat-input-53", "id"],
        ["name=txtFaxNbr", "name"],
        ["css=#mat-input-53", "css:finder"],
        ["xpath=//input[@id='mat-input-53']", "xpath:attributes"],
        ["xpath=//mat-tab-body[@id='mat-tab-content-0-3']/div/div/div/div[2]/tcses-add-contact/form/div/div/div/div[2]/mat-grid-list[5]/div/mat-grid-tile[6]/div/div/mat-form-field/div/div/div/input", "xpath:idRelative"],
        ["xpath=//mat-grid-tile[6]/div/div/mat-form-field/div/div/div/input", "xpath:position"]
      ],
      "value": ""
    }, {
      "id": "e6d3f8a5-477c-426b-9544-e9f2b2dcbefb",
      "comment": "faxNo",
      "command": "type",
      "target": "xpath=(//input[@formcontrolname=\"txtFaxNbr\"])[1]",
      "targets": [
        ["id=mat-input-53", "id"],
        ["name=txtFaxNbr", "name"],
        ["css=#mat-input-53", "css:finder"],
        ["xpath=//input[@id='mat-input-53']", "xpath:attributes"],
        ["xpath=//mat-tab-body[@id='mat-tab-content-0-3']/div/div/div/div[2]/tcses-add-contact/form/div/div/div/div[2]/mat-grid-list[5]/div/mat-grid-tile[6]/div/div/mat-form-field/div/div/div/input", "xpath:idRelative"],
        ["xpath=//mat-grid-tile[6]/div/div/mat-form-field/div/div/div/input", "xpath:position"]
      ],
      "value": "(382) 392-8392"
    }, {
      "id": "38d6bf2c-7f00-46d7-8811-79395ac47c1e",
      "comment": "createContactBttn",
      "command": "click",
      "target": "xpath=(//span[contains(text(),\"Create Contact\")])[2]",
      "targets": [
        ["css=.cdk-focused", "css:finder"],
        ["xpath=(//button[@type='button'])[6]", "xpath:attributes"],
        ["xpath=//mat-tab-body[@id='mat-tab-content-0-3']/div/div/div/div[2]/tcses-add-contact/form/div/div/div/div[3]/div/div[3]/button", "xpath:idRelative"],
        ["xpath=//div[3]/div/div[3]/button", "xpath:position"]
      ],
      "value": ""
    }]
  }],
  "suites": [{
    "id": "fceb2e87-b3d9-4357-b33e-1f5f9aad3edc",
    "name": "Default Suite",
    "persistSession": false,
    "parallel": false,
    "timeout": 300,
    "tests": ["e3d3377c-2df7-4801-8c8a-2ccb4c04322c"]
  }],
  "urls": ["http://tcses-modernization-alb-sit-81663130.ap-south-1.elb.amazonaws.com:9065/"],
  "plugins": []
}