{
  "id": "ecb65848-3961-4063-b5d8-fb2a41ebb75e",
  "version": "2.0",
  "name": "Test_DemoQA_Sample",
  "url": "https://demoqa.com",
  "tests": [{
    "id": "271b6874-d65f-4c47-b96e-bb91cbd6c3f5",
    "name": "TestProject_QA",
    "commands": [{
      "id": "fc7c9c6e-fb3b-4e09-9f81-61113a1425b3",
      "comment": "",
      "command": "open",
      "target": "/",
      "targets": [],
      "value": ""
    }, {
      "id": "1e91e404-0dbe-4977-88f4-745c763ad614",
      "comment": "",
      "command": "setWindowSize",
      "target": "1296x705",
      "targets": [],
      "value": ""
    }, {
      "id": "9933b993-930e-4528-8894-aa98e915b466",
      "comment": "",
      "command": "click",
      "target": "css=.card:nth-child(2) svg",
      "targets": [
        ["css=.card:nth-child(2) svg", "css:finder"]
      ],
      "value": ""
    }, {
      "id": "786f9b4b-6155-45f9-a062-ad7b97370f66",
      "comment": "",
      "command": "click",
      "target": "css=.show #item-0",
      "targets": [
        ["css=.show #item-0", "css:finder"],
        ["xpath=(//li[@id='item-0'])[2]", "xpath:attributes"],
        ["xpath=//div[@id='app']/div/div/div[2]/div/div/div/div[2]/div/ul/li", "xpath:idRelative"],
        ["xpath=//div[2]/div/ul/li", "xpath:position"],
        ["xpath=//li[contains(.,'Practice Form')]", "xpath:innerText"]
      ],
      "value": ""
    }, {
      "id": "94bec81d-442d-49ef-9fe8-b50834606bff",
      "comment": "",
      "command": "click",
      "target": "id=firstName",
      "targets": [
        ["id=firstName", "id"],
        ["css=#firstName", "css:finder"],
        ["xpath=//input[@id='firstName']", "xpath:attributes"],
        ["xpath=//div[@id='userName-wrapper']/div[2]/input", "xpath:idRelative"],
        ["xpath=//input", "xpath:position"]
      ],
      "value": ""
    }, {
      "id": "e3524f21-0de7-435b-8c9c-29346ee9e20c",
      "comment": "",
      "command": "type",
      "target": "id=firstName",
      "targets": [
        ["id=firstName", "id"],
        ["css=#firstName", "css:finder"],
        ["xpath=//input[@id='firstName']", "xpath:attributes"],
        ["xpath=//div[@id='userName-wrapper']/div[2]/input", "xpath:idRelative"],
        ["xpath=//input", "xpath:position"]
      ],
      "value": "FirstNameTest"
    }, {
      "id": "2d9f02a3-7af8-47d1-8902-fa0163b1fd89",
      "comment": "",
      "command": "type",
      "target": "id=lastName",
      "targets": [
        ["id=lastName", "id"],
        ["css=#lastName", "css:finder"],
        ["xpath=//input[@id='lastName']", "xpath:attributes"],
        ["xpath=//div[@id='userName-wrapper']/div[4]/input", "xpath:idRelative"],
        ["xpath=//div[4]/input", "xpath:position"]
      ],
      "value": "LastNameTest"
    }, {
      "id": "97c5b9d3-5dc8-4d0e-91af-b4880f4bf78e",
      "comment": "",
      "command": "click",
      "target": "xpath=//label[@for='gender-radio-1']",
      "targets": [
        ["css=.custom-radio:nth-child(1) > .custom-control-label", "css:finder"],
        ["xpath=//div[@id='genterWrapper']/div[2]/div/label", "xpath:idRelative"],
        ["xpath=//div[3]/div[2]/div/label", "xpath:position"],
        ["xpath=//label[contains(.,'Male')]", "xpath:innerText"]
      ],
      "value": ""
    }, {
      "id": "3f676c74-8efb-4f72-97e4-a5984175baff",
      "comment": "",
      "command": "click",
      "target": "id=userEmail",
      "targets": [
        ["id=userEmail", "id"],
        ["css=#userEmail", "css:finder"],
        ["xpath=//input[@id='userEmail']", "xpath:attributes"],
        ["xpath=//div[@id='userEmail-wrapper']/div[2]/input", "xpath:idRelative"],
        ["xpath=//div[2]/div[2]/input", "xpath:position"]
      ],
      "value": ""
    }, {
      "id": "b6ebe9f4-6e62-435d-9db7-e541bbf62458",
      "comment": "",
      "command": "type",
      "target": "id=userEmail",
      "targets": [
        ["id=userEmail", "id"],
        ["css=#userEmail", "css:finder"],
        ["xpath=//input[@id='userEmail']", "xpath:attributes"],
        ["xpath=//div[@id='userEmail-wrapper']/div[2]/input", "xpath:idRelative"],
        ["xpath=//div[2]/div[2]/input", "xpath:position"]
      ],
      "value": "test@test.com"
    }, {
      "id": "90840c8d-2be6-40d5-8718-7e20a7dd97c3",
      "comment": "",
      "command": "click",
      "target": "id=userNumber",
      "targets": [
        ["id=userNumber", "id"],
        ["css=#userNumber", "css:finder"],
        ["xpath=//input[@id='userNumber']", "xpath:attributes"],
        ["xpath=//div[@id='userNumber-wrapper']/div[2]/input", "xpath:idRelative"],
        ["xpath=//div[4]/div[2]/input", "xpath:position"]
      ],
      "value": ""
    }, {
      "id": "07516950-99ee-48a3-bbbb-8001cc781d38",
      "comment": "",
      "command": "type",
      "target": "id=userNumber",
      "targets": [
        ["id=userNumber", "id"],
        ["css=#userNumber", "css:finder"],
        ["xpath=//input[@id='userNumber']", "xpath:attributes"],
        ["xpath=//div[@id='userNumber-wrapper']/div[2]/input", "xpath:idRelative"],
        ["xpath=//div[4]/div[2]/input", "xpath:position"]
      ],
      "value": "9876543210"
    }, {
      "id": "362d1eff-7843-4dfd-b50c-5647f4933cb0",
      "comment": "",
      "command": "click",
      "target": "id=dateOfBirth",
      "targets": [
        ["id=dateOfBirth", "id"],
        ["css=#dateOfBirth", "css:finder"],
        ["xpath=//div[@id='dateOfBirth']", "xpath:attributes"],
        ["xpath=//div[@id='dateOfBirth-wrapper']/div[2]", "xpath:idRelative"],
        ["xpath=//div[5]/div[2]", "xpath:position"]
      ],
      "value": ""
    }, {
      "id": "17c93034-647c-4af3-843e-13c38af7745c",
      "comment": "",
      "command": "type",
      "target": "id=dateOfBirthInput",
      "targets": [
        ["id=dateOfBirthInput", "id"],
        ["css=#dateOfBirthInput", "css:finder"],
        ["xpath=//input[@id='dateOfBirthInput']", "xpath:attributes"],
        ["xpath=//div[@id='dateOfBirth']/div/div/input", "xpath:idRelative"],
        ["xpath=//div[2]/div/div/input", "xpath:position"]
      ],
      "value": "01/01/2023"
    }, {
      "id": "28ca0d6f-097b-48a2-81c1-c06fadfe9a1e",
      "comment": "",
      "command": "click",
      "target": "xpath=//div[@id='subjectsContainer']/div/div",
      "targets": [
        ["css=.subjects-auto-complete__value-container", "css:finder"],
        ["xpath=//div[@id='subjectsContainer']/div/div", "xpath:idRelative"],
        ["xpath=//div[6]/div[2]/div/div/div", "xpath:position"]
      ],
      "value": ""
    }]
  }],
  "suites": [{
    "id": "45fa42fa-aa5f-4edc-9b7c-d225a8f8dae9",
    "name": "Default Suite",
    "persistSession": false,
    "parallel": false,
    "timeout": 300,
    "tests": ["271b6874-d65f-4c47-b96e-bb91cbd6c3f5"]
  }],
  "urls": ["https://demoqa.com/"],
  "plugins": []
}