{
  "id": "d164b86e-7917-43b6-9ddd-8ca91becc25c",
  "version": "2.0",
  "name": "TNChildCare",
  "url": "http://tcses-modernization-alb-sit-81663130.ap-south-1.elb.amazonaws.com:9065",
  "tests": [{
    "id": "e3d3377c-2df7-4801-8c8a-2ccb4c04322c",
    "name": "SearchContactDatabase",
    "commands": [{
      "id": "e930a349-a866-4951-aaf8-d23d8f7d68f6",
      "comment": "",
      "command": "open",
      "target": "/",
      "targets": [],
      "value": ""
    }, {
      "id": "b7b5eb47-0472-4bd0-a975-99bf0e096023",
      "comment": "menuIcon",
      "command": "click",
      "target": "xpath=//*[@svgicon=\"menu-icon\"]",
      "targets": [
        ["css=.mat-menu-trigger path:nth-child(4)", "css:finder"]
      ],
      "value": ""
    }, {
      "id": "bed490f5-5d65-4f4a-84f8-40bd70e8c64e",
      "comment": "maintenanceLink",
      "command": "click",
      "target": "xpath=//div[contains(text(),\"Maintenance\")]",
      "targets": [
        ["css=.padd-left-list:nth-child(10)", "css:finder"],
        ["xpath=//div[@id='left']/div[10]", "xpath:idRelative"],
        ["xpath=//div[10]", "xpath:position"]
      ],
      "value": ""
    }, {
      "id": "a95b9eee-0bee-4fb8-9173-3a562c5601c2",
      "comment": "contactDBLink",
      "command": "click",
      "target": "xpath=//span[contains(text(),\"Contact Database\")]",
      "targets": [
        ["css=#right > .ng-star-inserted > span", "css:finder"],
        ["xpath=//div[@id='right']/div/span", "xpath:idRelative"],
        ["xpath=//div[3]/div/span", "xpath:position"],
        ["xpath=//span[contains(.,'Contact Database')]", "xpath:innerText"]
      ],
      "value": ""
    }, {
      "id": "12197a42-961d-4062-aeb4-82ba49986ca3",
      "comment": "searchContDB",
      "command": "verifyText",
      "target": "xpath=(//span[contains(text(),\"Search Contact Database\")])[2]",
      "targets": [],
      "value": "SEARCH CONTACT DATABASE"
    }, {
      "id": "60f46560-abd1-43ac-9064-716f4ecdaa17",
      "comment": "createNewAcct",
      "command": "verifyEditable",
      "target": "xpath=//span[contains(text(),\"Create New Contact\")]/parent::button",
      "targets": [],
      "value": ""
    }]
  }],
  "suites": [{
    "id": "fceb2e87-b3d9-4357-b33e-1f5f9aad3edc",
    "name": "Default Suite",
    "persistSession": false,
    "parallel": false,
    "timeout": 300,
    "tests": ["e3d3377c-2df7-4801-8c8a-2ccb4c04322c"]
  }],
  "urls": ["http://tcses-modernization-alb-sit-81663130.ap-south-1.elb.amazonaws.com:9065/"],
  "plugins": []
}