{
  "id": "c41985b1-acfd-4f82-be1c-e8d143a4d735",
  "version": "2.0",
  "name": "TNChildCare",
  "url": "http://tcses-modernization-alb-sit-81663130.ap-south-1.elb.amazonaws.com:9065",
  "tests": [{
    "id": "24552e23-bb4b-4f80-81e7-d82031623219",
    "name": "MyTasks",
    "commands": [{
      "id": "6e2ed1eb-f1ae-4fd6-a790-ddc6ba1266f6",
      "comment": "searchBx",
      "command": "click",
      "target": "xpath=//*[@class=\"search-container\"]/div/input",
      "targets": [
        ["css=.close-icon", "css:finder"],
        ["xpath=//div[@id='cdk-overlay-2']/snack-bar-container/div/div/tcses-snackbar/div/div/div/div[3]/button/span/mat-icon", "xpath:idRelative"],
        ["xpath=//span/mat-icon", "xpath:position"],
        ["xpath=//mat-icon[contains(.,'close')]", "xpath:innerText"]
      ],
      "value": ""
    }, {
      "id": "326922ec-fc49-4b18-bb2c-28ffebd68637",
      "comment": "searchBx",
      "command": "type",
      "target": "xpath=//*[@class=\"search-container\"]/div/input",
      "targets": [
        ["css=.search-box", "css:finder"],
        ["xpath=//input[@type='text']", "xpath:attributes"],
        ["xpath=//input", "xpath:position"]
      ],
      "value": "1560398"
    }, {
      "id": "4afa31a9-afdf-4c80-ba82-c52f123115f3",
      "comment": "searchBx",
      "command": "sendKeys",
      "target": "xpath=//*[@class=\"search-container\"]/div/input",
      "targets": [
        ["css=.search-box", "css:finder"],
        ["xpath=//input[@type='text']", "xpath:attributes"],
        ["xpath=//input", "xpath:position"]
      ],
      "value": "${KEY_ENTER}"
    }]
  }],
  "suites": [{
    "id": "b7e0e490-bc67-4c49-943e-ff4c209928b8",
    "name": "Default Suite",
    "persistSession": false,
    "parallel": false,
    "timeout": 300,
    "tests": ["24552e23-bb4b-4f80-81e7-d82031623219"]
  }],
  "urls": ["http://tcses-modernization-alb-sit-81663130.ap-south-1.elb.amazonaws.com:9065/"],
  "plugins": []
}