{
  "id": "c41985b1-acfd-4f82-be1c-e8d143a4d735",
  "version": "2.0",
  "name": "TNChildCare",
  "url": "http://tcses-modernization-alb-sit-81663130.ap-south-1.elb.amazonaws.com:9065",
  "tests": [{
    "id": "774043c7-8170-46f4-8eda-0a91b3174963",
    "name": "PAPOAsset",
    "commands": [{
      "id": "2e2100c3-f5b7-4ad5-ba5d-7071d7b0ed3a",
      "comment": "searchBx",
      "command": "click",
      "target": "xpath=//*[@class=\"search-container\"]/div/input",
      "targets": [
        ["css=.search-box", "css:finder"],
        ["xpath=//input[@type='text']", "xpath:attributes"],
        ["xpath=//input", "xpath:position"]
      ],
      "value": ""
    }, {
      "id": "dd2e6dd5-54b4-497b-980b-0ccfc8b8415c",
      "comment": "searchBx",
      "command": "type",
      "target": "xpath=//*[@class=\"search-container\"]/div/input",
      "targets": [
        ["css=.search-box", "css:finder"],
        ["xpath=//input[@type='text']", "xpath:attributes"],
        ["xpath=//input", "xpath:position"]
      ],
      "value": "1560398"
    }, {
      "id": "c6eb0919-49d4-4a98-bb93-7f3febcd5011",
      "comment": "searchBx",
      "command": "sendKeys",
      "target": "xpath=//*[@class=\"search-container\"]/div/input",
      "targets": [
        ["css=.search-box", "css:finder"],
        ["xpath=//input[@type='text']", "xpath:attributes"],
        ["xpath=//input", "xpath:position"]
      ],
      "value": ""
    }, {
      "id": "635c518f-fd6a-42ba-ae8b-a7749afbdbb1",
      "comment": "participantLink",
      "command": "click",
      "target": "xpath=//*[@class=\"participant\"]//./a",
      "targets": [
        ["linkText=JAMES B HALL, JR", "linkText"],
        ["css=.aClass", "css:finder"],
        ["xpath=//a[contains(text(),'JAMES B HALL, JR')]", "xpath:link"],
        ["xpath=//mat-tab-body[@id='mat-tab-content-0-3']/div/div/div/tcses-global-search-results/div/tcses-search-participant-card/div/div/div/a", "xpath:idRelative"],
        ["xpath=//tcses-search-participant-card/div/div/div/a", "xpath:position"],
        ["xpath=//a[contains(.,'JAMES B HALL, JR')]", "xpath:innerText"]
      ],
      "value": ""
    }, {
      "id": "e4c399ac-bad8-42c3-a40d-6120f1926894",
      "comment": "",
      "command": "click",
      "target": "linkText=View & Update PAPO",
      "targets": [
        ["linkText=View & Update PAPO", "linkText"],
        ["css=.capitalize:nth-child(11)", "css:finder"],
        ["xpath=//a[contains(text(),'View & Update PAPO')]", "xpath:link"],
        ["xpath=//div[@id='paroverview-main']/div/section[8]/div/a[5]", "xpath:idRelative"],
        ["xpath=//a[5]", "xpath:position"],
        ["xpath=//a[contains(.,'View & Update PAPO')]", "xpath:innerText"]
      ],
      "value": ""
    }, {
      "id": "a5b49049-a758-4f30-a05e-03dfd55448cb",
      "comment": "addNewAsstBttn",
      "command": "click",
      "target": "xpath=(//span[text()=\"Add New Asset\"])[1]",
      "targets": [
        ["css=bolt-layout:nth-child(2) #add > .mat-button-wrapper", "css:finder"],
        ["xpath=//button[@id='add']/span", "xpath:idRelative"],
        ["xpath=//button[2]/span", "xpath:position"],
        ["xpath=//span[contains(.,'Add New Asset')]", "xpath:innerText"]
      ],
      "value": ""
    }, {
      "id": "5d483709-5387-4d7b-a959-3c37f3287129",
      "comment": "sourceCdDrpDwn",
      "command": "click",
      "target": "xpath=//*[@formcontrolname=\"locateSourceCode\"]/div/div[2]",
      "targets": [
        ["css=.ng-tns-c115-127 > .mat-select-arrow", "css:finder"],
        ["xpath=//mat-select[@id='mat-select-12']/div/div[2]/div", "xpath:idRelative"],
        ["xpath=//mat-select/div/div[2]/div", "xpath:position"]
      ],
      "value": ""
    }, {
      "id": "c1f82bda-b16e-4318-a523-54f217752746",
      "comment": "sourceCdOpt",
      "command": "click",
      "target": "xpath=//span[contains(.,'CONVERSION')]",
      "targets": [
        ["css=#mat-option-313 > .mat-option-text", "css:finder"],
        ["xpath=//mat-option[@id='mat-option-313']/span", "xpath:idRelative"],
        ["xpath=//mat-option[4]/span", "xpath:position"],
        ["xpath=//span[contains(.,'CONVERSION')]", "xpath:innerText"]
      ],
      "value": ""
    }, {
      "id": "319c303e-2258-4eef-ac03-73325e5b20e8",
      "comment": "assetCdDrpDwn",
      "command": "click",
      "target": "xpath=//*[@formcontrolname=\"assetCode\"]//./div[2]",
      "targets": [
        ["css=#mat-select-value-15 > .mat-select-placeholder", "css:finder"],
        ["xpath=//div[@id='mat-select-value-15']/span", "xpath:idRelative"],
        ["xpath=//div[2]/mat-form-field/div/div/div/mat-select/div/div/span", "xpath:position"]
      ],
      "value": ""
    }, {
      "id": "cde54eff-5e29-4186-80d4-aa8df5d87abe",
      "comment": "accssOpt",
      "command": "click",
      "target": "xpath=//span[contains(text(),\"FARM\")]",
      "targets": [
        ["css=#mat-option-362 > .mat-option-text", "css:finder"],
        ["xpath=//mat-option[@id='mat-option-362']/span", "xpath:idRelative"],
        ["xpath=//mat-option[3]/span", "xpath:position"],
        ["xpath=//span[contains(.,'FARM MACHINERY')]", "xpath:innerText"]
      ],
      "value": ""
    }, {
      "id": "8e5f9ae4-ad42-4d9c-9a65-bba50a603a57",
      "comment": "beginDt",
      "command": "click",
      "target": "xpath=//input[@formcontrolname=\"beginDate\"]",
      "targets": [
        ["id=mat-input-3", "id"],
        ["css=#mat-input-3", "css:finder"],
        ["xpath=//input[@id='mat-input-3']", "xpath:attributes"],
        ["xpath=//mat-tab-body[@id='mat-tab-content-0-4']/div/div/div/div[2]/tcses-papo-action/div/form/div[3]/div[3]/mat-form-field/div/div/div/input", "xpath:idRelative"],
        ["xpath=//mat-form-field/div/div/div/input", "xpath:position"]
      ],
      "value": ""
    }, {
      "id": "a497234a-27f7-4fdb-9300-5a3a4535fb0c",
      "comment": "beginDt",
      "command": "type",
      "target": "xpath=//input[@formcontrolname=\"beginDate\"]",
      "targets": [],
      "value": "07/01/2018"
    }, {
      "id": "cc799a24-c5fa-46fa-89db-029f1e8b522b",
      "comment": "endDt",
      "command": "click",
      "target": "xpath=//input[@formcontrolname=\"endDate\"]",
      "targets": [
        ["id=mat-input-6", "id"],
        ["css=#mat-input-6", "css:finder"],
        ["xpath=//input[@id='mat-input-6']", "xpath:attributes"],
        ["xpath=//mat-tab-body[@id='mat-tab-content-0-4']/div/div/div/div[2]/tcses-papo-action/div/form/div[4]/div[3]/mat-form-field/div/div/div/input", "xpath:idRelative"],
        ["xpath=//div[4]/div[3]/mat-form-field/div/div/div/input", "xpath:position"]
      ],
      "value": ""
    }, {
      "id": "ddc381c4-72d0-4a7e-b299-c845435d61b9",
      "comment": "endDt",
      "command": "type",
      "target": "xpath=//input[@formcontrolname=\"endDate\"]",
      "targets": [
        ["id=mat-input-6", "id"],
        ["css=#mat-input-6", "css:finder"],
        ["xpath=//input[@id='mat-input-6']", "xpath:attributes"],
        ["xpath=//mat-tab-body[@id='mat-tab-content-0-4']/div/div/div/div[2]/tcses-papo-action/div/form/div[4]/div[3]/mat-form-field/div/div/div/input", "xpath:idRelative"],
        ["xpath=//div[4]/div[3]/mat-form-field/div/div/div/input", "xpath:position"]
      ],
      "value": "08/10/2022"
    }, {
      "id": "d6034d03-5579-42cf-868a-b9695448b915",
      "comment": "valueTxtBx",
      "command": "click",
      "target": "xpath=//input[@formcontrolname=\"valueAmountString\"]",
      "targets": [
        ["id=mat-input-7", "id"],
        ["css=#mat-input-7", "css:finder"],
        ["xpath=//input[@id='mat-input-7']", "xpath:attributes"],
        ["xpath=//mat-tab-body[@id='mat-tab-content-0-4']/div/div/div/div[2]/tcses-papo-action/div/form/div[5]/div/mat-form-field/div/div/div/input", "xpath:idRelative"],
        ["xpath=//div[5]/div/mat-form-field/div/div/div/input", "xpath:position"]
      ],
      "value": ""
    }, {
      "id": "e1dd38ba-7ca8-49e3-8d79-c4dba015791d",
      "comment": "valueTxtBx",
      "command": "type",
      "target": "xpath=//input[@formcontrolname=\"valueAmountString\"]",
      "targets": [
        ["id=mat-input-7", "id"],
        ["css=#mat-input-7", "css:finder"],
        ["xpath=//input[@id='mat-input-7']", "xpath:attributes"],
        ["xpath=//mat-tab-body[@id='mat-tab-content-0-4']/div/div/div/div[2]/tcses-papo-action/div/form/div[5]/div/mat-form-field/div/div/div[2]/input", "xpath:idRelative"],
        ["xpath=//div[2]/input", "xpath:position"]
      ],
      "value": "30000"
    }, {
      "id": "034d83e8-1f53-467a-bff4-853005503e1d",
      "comment": "addLin1",
      "command": "click",
      "target": "xpath=//input[@formcontrolname=\"line1Address\"]",
      "targets": [
        ["id=mat-input-8", "id"],
        ["css=#mat-input-8", "css:finder"],
        ["xpath=//input[@id='mat-input-8']", "xpath:attributes"],
        ["xpath=//mat-tab-body[@id='mat-tab-content-0-4']/div/div/div/div[2]/tcses-papo-action/div/form/div[5]/div[2]/mat-form-field/div/div/div/input", "xpath:idRelative"],
        ["xpath=//div[5]/div[2]/mat-form-field/div/div/div/input", "xpath:position"]
      ],
      "value": ""
    }, {
      "id": "dd768e90-1f88-4073-8f59-a40e06364530",
      "comment": "addLin1",
      "command": "type",
      "target": "xpath=//input[@formcontrolname=\"line1Address\"]",
      "targets": [
        ["id=mat-input-8", "id"],
        ["css=#mat-input-8", "css:finder"],
        ["xpath=//input[@id='mat-input-8']", "xpath:attributes"],
        ["xpath=//mat-tab-body[@id='mat-tab-content-0-4']/div/div/div/div[2]/tcses-papo-action/div/form/div[5]/div[2]/mat-form-field/div/div/div/input", "xpath:idRelative"],
        ["xpath=//div[5]/div[2]/mat-form-field/div/div/div/input", "xpath:position"]
      ],
      "value": "2121 Cumberland Ave"
    }, {
      "id": "2571b7ba-ab77-45f7-b7b3-0d02038c2c95",
      "comment": "addLin2",
      "command": "click",
      "target": "xpath=//input[@formcontrolname=\"line2Address\"]",
      "targets": [
        ["id=mat-input-10", "id"],
        ["css=#mat-input-10", "css:finder"],
        ["xpath=//input[@id='mat-input-10']", "xpath:attributes"],
        ["xpath=//mat-tab-body[@id='mat-tab-content-0-4']/div/div/div/div[2]/tcses-papo-action/div/form/div[6]/div/mat-form-field/div/div/div/input", "xpath:idRelative"],
        ["xpath=//div[6]/div/mat-form-field/div/div/div/input", "xpath:position"]
      ],
      "value": ""
    }, {
      "id": "5631272f-e9e2-4c27-9a30-fba4b09f404f",
      "comment": "addLin2",
      "command": "type",
      "target": "xpath=//input[@formcontrolname=\"line2Address\"]",
      "targets": [
        ["id=mat-input-10", "id"],
        ["css=#mat-input-10", "css:finder"],
        ["xpath=//input[@id='mat-input-10']", "xpath:attributes"],
        ["xpath=//mat-tab-body[@id='mat-tab-content-0-4']/div/div/div/div[2]/tcses-papo-action/div/form/div[6]/div/mat-form-field/div/div/div/input", "xpath:idRelative"],
        ["xpath=//div[6]/div/mat-form-field/div/div/div/input", "xpath:position"]
      ],
      "value": "Tower 2"
    }, {
      "id": "50d6a390-8e11-4ea1-838b-f0ed53164d25",
      "comment": "cityName",
      "command": "click",
      "target": "xpath=//input[@formcontrolname=\"cityName\"]",
      "targets": [
        ["css=#mat-select-value-17 > .mat-select-placeholder", "css:finder"],
        ["xpath=//div[@id='mat-select-value-17']/span", "xpath:idRelative"],
        ["xpath=//div[6]/div[2]/mat-form-field/div/div/div/mat-select/div/div/span", "xpath:position"]
      ],
      "value": ""
    }, {
      "id": "282d1efc-9eb3-4b74-9bbb-9658d4d97b06",
      "comment": "cityName",
      "command": "type",
      "target": "xpath=//input[@formcontrolname=\"cityName\"]",
      "targets": [],
      "value": "Knoxville"
    }, {
      "id": "55caf4ab-d210-4f04-ae28-9d6ea6d53d4e",
      "comment": "stateCd",
      "command": "click",
      "target": "xpath=//*[@formcontrolname=\"stateCode\"]/div/div[2]",
      "targets": [
        ["css=#mat-select-value-19 > .mat-select-placeholder", "css:finder"],
        ["xpath=//div[@id='mat-select-value-19']/span", "xpath:idRelative"],
        ["xpath=//div[3]/mat-form-field/div/div/div/mat-select/div/div/span", "xpath:position"]
      ],
      "value": ""
    }, {
      "id": "b2e9c9e5-5102-4ca7-bacb-7bd5f33b5a37",
      "comment": "stateCdOpt",
      "command": "click",
      "target": "xpath=//span[text()=\"TENNESSEE\"]",
      "targets": [],
      "value": ""
    }, {
      "id": "b3c7da85-b27c-4a24-9cf7-77b5eaae3f90",
      "comment": "countyCd",
      "command": "click",
      "target": "xpath=//*[@formcontrolname=\"countyCode\"]/div/div[2]",
      "targets": [
        ["id=mat-input-11", "id"],
        ["css=#mat-input-11", "css:finder"],
        ["xpath=//input[@id='mat-input-11']", "xpath:attributes"],
        ["xpath=//mat-tab-body[@id='mat-tab-content-0-4']/div/div/div/div[2]/tcses-papo-action/div/form/div[7]/div/mat-form-field/div/div/div/input", "xpath:idRelative"],
        ["xpath=//div[7]/div/mat-form-field/div/div/div/input", "xpath:position"]
      ],
      "value": ""
    }, {
      "id": "40dc80a7-885e-498a-a85b-5a86b6a61775",
      "comment": "countyCdOpt",
      "command": "click",
      "target": "xpath=//span[text()=\"BENTON\"]",
      "targets": [],
      "value": ""
    }, {
      "id": "b89eafaf-bce2-4014-9ada-882bc57911a5",
      "comment": "zipCode",
      "command": "type",
      "target": "xpath=//*[@formcontrolname=\"zipCode\"]",
      "targets": [],
      "value": "37916"
    }, {
      "id": "586aeb3d-c4d9-48ce-9271-24ca64b41c62",
      "comment": "confDt",
      "command": "click",
      "target": "xpath=//*[@formcontrolname=\"confirmationDate\"]",
      "targets": [
        ["id=mat-input-13", "id"],
        ["css=#mat-input-13", "css:finder"],
        ["xpath=//input[@id='mat-input-13']", "xpath:attributes"],
        ["xpath=//mat-tab-body[@id='mat-tab-content-0-4']/div/div/div/div[2]/tcses-papo-action/div/form/div[14]/div/mat-form-field/div/div/div/input", "xpath:idRelative"],
        ["xpath=//div[14]/div/mat-form-field/div/div/div/input", "xpath:position"]
      ],
      "value": ""
    }, {
      "id": "d9f11dea-7be2-4762-ab38-fc90358b1a2a",
      "comment": "confDt",
      "command": "type",
      "target": "xpath=//*[@formcontrolname=\"confirmationDate\"]",
      "targets": [
        ["id=mat-input-13", "id"],
        ["css=#mat-input-13", "css:finder"],
        ["xpath=//input[@id='mat-input-13']", "xpath:attributes"],
        ["xpath=//mat-tab-body[@id='mat-tab-content-0-4']/div/div/div/div[2]/tcses-papo-action/div/form/div[14]/div/mat-form-field/div/div/div/input", "xpath:idRelative"],
        ["xpath=//div[14]/div/mat-form-field/div/div/div/input", "xpath:position"]
      ],
      "value": "01/01/2023"
    }, {
      "id": "4c5a6d39-debb-4416-9ab9-557a9ec9215f",
      "comment": "saveBttn",
      "command": "click",
      "target": "xpath=(//*[@id=\"save-details_az\"]/span)[4]",
      "targets": [
        ["css=.cdk-focused", "css:finder"],
        ["xpath=(//button[@type='button'])[7]", "xpath:attributes"],
        ["xpath=//mat-tab-body[@id='mat-tab-content-0-4']/div/div/div/div[2]/tcses-papo-action/div/form/div[12]/div/button", "xpath:idRelative"],
        ["xpath=//div[12]/div/button", "xpath:position"],
        ["xpath=//button[contains(.,'Send Verification Letter')]", "xpath:innerText"]
      ],
      "value": ""
    }, {
      "id": "d66f54ba-f83b-417e-a2d0-de79bf207530",
      "comment": "sendVerifBttn",
      "command": "click",
      "target": "xpath=//span[contains(text(),\"Send Verification Letter\")]",
      "targets": [
        ["css=.close-icon", "css:finder"],
        ["xpath=//div[@id='cdk-overlay-6']/snack-bar-container/div/div/tcses-snackbar/div/div/div/div[3]/button/span/mat-icon", "xpath:idRelative"],
        ["xpath=//div[3]/button/span/mat-icon", "xpath:position"],
        ["xpath=//mat-icon[contains(.,'close')]", "xpath:innerText"]
      ],
      "value": ""
    }, {
      "id": "9ac5ad1d-8e71-4cd1-9766-28b5747529fe",
      "comment": "noteTxt",
      "command": "click",
      "target": "xpath=//*[@id=\"notesaddress\"]//./textarea",
      "targets": [
        ["id=mat-input-14", "id"],
        ["css=#mat-input-14", "css:finder"],
        ["xpath=//textarea[@id='mat-input-14']", "xpath:attributes"],
        ["xpath=//tcses-notes[@id='notesaddress']/div/div/div/mat-form-field/div/div/div[3]/div/mat-form-field/div/div/div/textarea", "xpath:idRelative"],
        ["xpath=//textarea", "xpath:position"]
      ],
      "value": ""
    }, {
      "id": "6938fdf5-f32a-4aa7-a6dc-e0f670767a80",
      "comment": "noteTxt",
      "command": "type",
      "target": "//*[@id=\"notesaddress\"]//./textarea",
      "targets": [
        ["id=mat-input-14", "id"],
        ["css=#mat-input-14", "css:finder"],
        ["xpath=//textarea[@id='mat-input-14']", "xpath:attributes"],
        ["xpath=//tcses-notes[@id='notesaddress']/div/div/div/mat-form-field/div/div/div[3]/div/mat-form-field/div/div/div/textarea", "xpath:idRelative"],
        ["xpath=//textarea", "xpath:position"]
      ],
      "value": "Added PAPO details"
    }, {
      "id": "6eaff2d0-0d28-430b-840c-1a6b23bd82bd",
      "comment": "addNoteBttn",
      "command": "click",
      "target": "xpath=(//*[@id='notesaddress']//./button/span)[1]",
      "targets": [
        ["css=.next-button", "css:finder"],
        ["xpath=//tcses-notes[@id='notesaddress']/div/div/div/mat-form-field/div/div/div[3]/div[2]/button", "xpath:idRelative"],
        ["xpath=//div[2]/button", "xpath:position"],
        ["xpath=//button[contains(.,'Add')]", "xpath:innerText"]
      ],
      "value": ""
    }]
  }],
  "suites": [{
    "id": "b7e0e490-bc67-4c49-943e-ff4c209928b8",
    "name": "Default Suite",
    "persistSession": false,
    "parallel": false,
    "timeout": 300,
    "tests": ["24552e23-bb4b-4f80-81e7-d82031623219"]
  }],
  "urls": ["http://tcses-modernization-alb-sit-81663130.ap-south-1.elb.amazonaws.com:9065/"],
  "plugins": []
}