{
  "id": "064cc96e-42a2-46ef-b69f-eba250bee460",
  "version": "2.0",
  "name": "test",
  "url": "https://www.saucedemo.com",
  "tests": [{
    "id": "d058a58d-154e-4af2-af7f-067c3047b20e",
    "name": "Untitled",
    "commands": [{
      "id": "ef6bd3a5-3ddc-4b0d-81b3-040eef981e8a",
      "comment": "VerifyLogo",
      "command": "verifyText",
      "target": "css=.login_logo",
      "targets": [
        ["css=.login_logo", "css:finder"],
        ["xpath=//div[@id='root']/div/div", "xpath:idRelative"],
        ["xpath=//div/div/div", "xpath:position"]
      ],
      "value": "Swag Labs"
    }, {
      "id": "18e15fd4-4f62-43a5-be54-9c0653c488c0",
      "comment": "EnterUserName",
      "command": "type",
      "target": "css=*[data-test=\"username\"]",
      "targets": [
        ["css=*[data-test=\"username\"]", "css:data-attr"],
        ["id=user-name", "id"],
        ["name=user-name", "name"],
        ["css=#user-name", "css:finder"],
        ["xpath=//input[@id='user-name']", "xpath:attributes"],
        ["xpath=//div[@id='login_button_container']/div/form/div/input", "xpath:idRelative"],
        ["xpath=//input", "xpath:position"]
      ],
      "value": "standard_user"
    }, {
      "id": "dd63b7c7-978c-4c2c-a93e-3a0e2174ca5d",
      "comment": "EnterPassword",
      "command": "type",
      "target": "css=*[data-test=\"password\"]",
      "targets": [
        ["css=*[data-test=\"password\"]", "css:data-attr"],
        ["id=password", "id"],
        ["name=password", "name"],
        ["css=#password", "css:finder"],
        ["xpath=//input[@id='password']", "xpath:attributes"],
        ["xpath=//div[@id='login_button_container']/div/form/div[2]/input", "xpath:idRelative"],
        ["xpath=//div[2]/input", "xpath:position"]
      ],
      "value": "secret_sauce"
    }, {
      "id": "edf74edc-380f-4f57-b80d-03bd5a9b7153",
      "comment": "ClickLoginButton",
      "command": "click",
      "target": "css=*[data-test=\"login-button\"]",
      "targets": [
        ["css=*[data-test=\"login-button\"]", "css:data-attr"],
        ["id=login-button", "id"],
        ["name=login-button", "name"],
        ["css=#login-button", "css:finder"],
        ["xpath=//input[@id='login-button']", "xpath:attributes"],
        ["xpath=//div[@id='login_button_container']/div/form/input", "xpath:idRelative"],
        ["xpath=//form/input", "xpath:position"]
      ],
      "value": ""
    }]
  }],
  "suites": [{
    "id": "62eab02a-62e6-4897-824e-66890a16b0c2",
    "name": "Default Suite",
    "persistSession": false,
    "parallel": false,
    "timeout": 300,
    "tests": ["d058a58d-154e-4af2-af7f-067c3047b20e"]
  }],
  "urls": ["https://www.saucedemo.com/"],
  "plugins": []
}