{
  "id": "ee68e1c0-722a-43ab-abc9-1a05846050b5",
  "version": "2.0",
  "name": "skajsk",
  "url": "http://localhost:3000",
  "tests": [{
    "id": "b61f3b77-178b-45e5-97d2-0a487e8f16d8",
    "name": "Survey",
    "commands": [{
      "id": "c0b0d156-8177-4afc-9584-1ccf48d9a07b",
      "comment": "English_Header",
      "command": "verifyText",
      "target": "css=h1 > .english",
      "targets": [
        ["css=h1 > .english", "css:finder"],
        ["xpath=//h1/span", "xpath:position"]
      ],
      "value": "Let's do a quick survey before you apply."
    }, {
      "id": "265cf6f2-ce85-47e8-9827-b6c25c3df63d",
      "comment": "EnglishProgressBar",
      "command": "verifyText",
      "target": "css=.progressBarContainer .english",
      "targets": [
        ["css=.progressBarContainer .english", "css:finder"],
        ["xpath=//div[2]/div[2]/span", "xpath:position"]
      ],
      "value": "0/5 Pre-Application Survey"
    }, {
      "id": "796672b1-b163-4efb-a6e3-8923de7addb3",
      "comment": "English_Para1",
      "command": "verifyText",
      "target": "css=p:nth-child(1) > .english",
      "targets": [
        ["css=p:nth-child(1) > .english", "css:finder"],
        ["xpath=//p/span", "xpath:position"],
        ["xpath=//span[contains(.,'Already have Family PACT?')]", "xpath:innerText"]
      ],
      "value": "Already have Family PACT?"
    }, {
      "id": "27903e15-7064-4959-8b71-b833c1869dbb",
      "comment": "English_Link1",
      "command": "verifyText",
      "target": "css=#skipLink > .english",
      "targets": [
        ["css=#skipLink > .english", "css:finder"],
        ["xpath=//a[@id='skipLink']/span", "xpath:idRelative"],
        ["xpath=//a/span", "xpath:position"],
        ["xpath=//span[contains(.,'Skip this survey.')]", "xpath:innerText"]
      ],
      "value": "Skip this survey."
    }, {
      "id": "d035d0a5-4ffe-4565-8692-749829ef9d2c",
      "comment": "English_Para2",
      "command": "verifyText",
      "target": "css=p:nth-child(2) > .english:nth-child(1)",
      "targets": [
        ["css=p:nth-child(2) > .english:nth-child(1)", "css:finder"],
        ["xpath=//p[2]/span", "xpath:position"],
        ["xpath=//span[contains(.,'Before you apply, we have a few questions to see if Family PACT will be a good fit for you. This is not your application, and your actual result may differ from the one we give you here.')]", "xpath:innerText"]
      ],
      "value": "Before you apply, we have a few questions to see if Family PACT will be a good fit for you. This is not your application, and your actual result may differ from the one we give you here."
    }, {
      "id": "ea836596-fc6a-4fa9-b969-d76b6e2ac546",
      "comment": "English_Link2",
      "command": "verifyText",
      "target": "id=eligibilityLink",
      "targets": [
        ["id=eligibilityLink", "id"],
        ["linkText=FPACT Eligibility page.", "linkText"],
        ["css=#eligibilityLink", "css:finder"],
        ["xpath=//a[contains(text(),'FPACT Eligibility page.')]", "xpath:link"],
        ["xpath=//a[@id='eligibilityLink']", "xpath:attributes"],
        ["xpath=//a[contains(@href, 'https://familypact.org/am-i-eligible/')]", "xpath:href"],
        ["xpath=//p[2]/a", "xpath:position"],
        ["xpath=//a[contains(.,'FPACT Eligibility page.')]", "xpath:innerText"]
      ],
      "value": "FPACT Eligibility page."
    }, {
      "id": "f8a4a53e-e5e9-4d3c-abd7-ad2e0f2005ce",
      "comment": "English_SpanishToggle",
      "command": "click",
      "target": "css=#languageToggle > .english",
      "targets": [
        ["css=#languageToggle > .english", "css:finder"],
        ["xpath=//button[@id='languageToggle']/span", "xpath:idRelative"],
        ["xpath=//span", "xpath:position"],
        ["xpath=//span[contains(.,'Switch to Spanish')]", "xpath:innerText"]
      ],
      "value": ""
    }, {
      "id": "c001323e-8023-4f82-8d24-b342aadf1273",
      "comment": "SpanishHeader",
      "command": "verifyText",
      "target": "css=h1 > .spanish",
      "targets": [
        ["css=h1 > .spanish", "css:finder"],
        ["xpath=//h1/span[2]", "xpath:position"],
        ["xpath=//span[contains(.,'Hagamos una encuesta rápida antes de que apliques.')]", "xpath:innerText"]
      ],
      "value": "Hagamos una encuesta rápida antes de que apliques."
    }, {
      "id": "27e28288-ee60-49b1-9260-d1d5066fa5f3",
      "comment": "SpanishProgressBar",
      "command": "verifyText",
      "target": "css=.progressBarContainer .spanish",
      "targets": [
        ["css=.progressBarContainer .spanish", "css:finder"],
        ["xpath=//div[2]/div[2]/span[2]", "xpath:position"],
        ["xpath=//span[contains(.,'1/5 Encuesta de preselección')]", "xpath:innerText"]
      ],
      "value": "1/5 Encuesta de preselección"
    }, {
      "id": "400e791b-736d-4ed1-815d-3b7b1b44b974",
      "comment": "Spanish_Para1",
      "command": "verifyText",
      "target": "css=p:nth-child(1) > .spanish",
      "targets": [
        ["css=p:nth-child(1) > .spanish", "css:finder"],
        ["xpath=//p/span[2]", "xpath:position"],
        ["xpath=//span[contains(.,'¿Ya tiene Family PACT?')]", "xpath:innerText"]
      ],
      "value": "¿Ya tiene Family PACT?"
    }, {
      "id": "f545d4eb-de20-4f41-b1b6-ab6260b49d66",
      "comment": "Spanish_Link1",
      "command": "verifyText",
      "target": "css=#skipLink > .spanish",
      "targets": [
        ["css=#skipLink > .spanish", "css:finder"],
        ["xpath=//a[@id='skipLink']/span[2]", "xpath:idRelative"],
        ["xpath=//a/span[2]", "xpath:position"],
        ["xpath=//span[contains(.,'Omitir esta encuesta.')]", "xpath:innerText"]
      ],
      "value": "Omitir esta encuesta."
    }, {
      "id": "1f870820-8169-476a-8ad1-1fe3bf36a34e",
      "comment": "Spanish_Para2",
      "command": "verifyText",
      "target": "css=p:nth-child(2) > .spanish:nth-child(2)",
      "targets": [
        ["css=p:nth-child(2) > .spanish:nth-child(2)", "css:finder"],
        ["xpath=//p[2]/span[2]", "xpath:position"],
        ["xpath=//span[contains(.,'Antes de que apliques, tenemos algunas preguntas para ver si Family PACT es adecuado para ti. Esta no es tu aplicación, y tu resultado real puede diferir del que te damos aquí.')]", "xpath:innerText"]
      ],
      "value": "Antes de que apliques, tenemos algunas preguntas para ver si Family PACT es adecuado para ti. Esta no es tu aplicación, y tu resultado real puede diferir del que te damos aquí."
    }, {
      "id": "9ec719bf-d4c9-4717-b498-b85ffab0518a",
      "comment": "Spanish_Link2",
      "command": "verifyText",
      "target": "id=eligibilityLink",
      "targets": [
        ["id=eligibilityLink", "id"],
        ["linkText=FPACT Eligibility page.", "linkText"],
        ["css=#eligibilityLink", "css:finder"],
        ["xpath=//a[contains(text(),'FPACT Eligibility page.')]", "xpath:link"],
        ["xpath=//a[@id='eligibilityLink']", "xpath:attributes"],
        ["xpath=//a[contains(@href, 'https://familypact.org/am-i-eligible/')]", "xpath:href"],
        ["xpath=//p[2]/a", "xpath:position"],
        ["xpath=//a[contains(.,'FPACT Eligibility page.')]", "xpath:innerText"]
      ],
      "value": "FPACT Eligibility page."
    }, {
      "id": "ff1e3cad-3040-42ed-ad6a-b4d6d7e403d8",
      "comment": "LinkToggleEnglish",
      "command": "click",
      "target": "css=#languageToggle > .spanish",
      "targets": [
        ["css=#languageToggle > .spanish", "css:finder"],
        ["xpath=//button[@id='languageToggle']/span[2]", "xpath:idRelative"],
        ["xpath=//span[2]", "xpath:position"],
        ["xpath=//span[contains(.,'Cambiar a español')]", "xpath:innerText"]
      ],
      "value": ""
    }, {
      "id": "62404513-9d9f-4e2d-81ee-aa4628b4d016",
      "comment": "Survey",
      "command": "click",
      "target": "css=#startSurveyBtn > .english",
      "targets": [
        ["css=#startSurveyBtn > .english", "css:finder"],
        ["xpath=//button[@id='startSurveyBtn']/span", "xpath:idRelative"],
        ["xpath=//section/button/span", "xpath:position"],
        ["xpath=//span[contains(.,'Start survey')]", "xpath:innerText"]
      ],
      "value": ""
    }]
  }],
  "suites": [{
    "id": "84954e0c-7c9c-4ccb-8ecc-585d17e92b33",
    "name": "Default Suite",
    "persistSession": false,
    "parallel": false,
    "timeout": 300,
    "tests": ["b61f3b77-178b-45e5-97d2-0a487e8f16d8"]
  }],
  "urls": ["http://localhost:3000/"],
  "plugins": []
}