{
  "id": "2bb53936-ce68-49cb-9353-65fe1f9a7b42",
  "version": "2.0",
  "name": "UpdateProperty",
  "url": "http://tcses-modernization-alb-2044720851.ap-south-1.elb.amazonaws.com:9065",
  "tests": [{
    "id": "6d4d9a49-8d35-46da-b1b9-992189d579d4",
    "name": "UpdateProperty",
    "commands": [{
      "id": "0340092b-a807-4fad-9320-47c660691c07",
      "comment": "noteTxtBx",
      "command": "click",
      "target": "xpath=//mat-label[contains(text(),\"Note\")]/parent::label/parent::span/parent::div/textarea",
      "targets": [
        ["id=mat-input-19", "id"],
        ["css=#mat-input-19", "css:finder"],
        ["xpath=//textarea[@id='mat-input-19']", "xpath:attributes"],
        ["xpath=//tcses-notes[@id='notesaddress']/div/div/div/mat-form-field/div/div/div[3]/div/mat-form-field/div/div/div/textarea", "xpath:idRelative"],
        ["xpath=//textarea", "xpath:position"]
      ],
      "value": ""
    }, {
      "id": "7b9ddffc-f6df-47c8-89be-42484c7652a6",
      "comment": "noteTxtBx",
      "command": "type",
      "target": "xpath=//mat-label[contains(text(),\"Note\")]/parent::label/parent::span/parent::div/textarea",
      "targets": [
        ["id=mat-input-19", "id"],
        ["css=#mat-input-19", "css:finder"],
        ["xpath=//textarea[@id='mat-input-19']", "xpath:attributes"],
        ["xpath=//tcses-notes[@id='notesaddress']/div/div/div/mat-form-field/div/div/div[3]/div/mat-form-field/div/div/div/textarea", "xpath:idRelative"],
        ["xpath=//textarea", "xpath:position"]
      ],
      "value": "Adding notes for testing purpose &*#(*@(@)"
    }, {
      "id": "8135025a-b2ec-4309-b228-15a26fc161d6",
      "comment": "addBttn",
      "command": "click",
      "target": "xpath=//span[contains(text(),\"Add\")]/parent::button",
      "targets": [
        ["css=.cdk-focused", "css:finder"],
        ["xpath=(//button[@type='button'])[10]", "xpath:attributes"],
        ["xpath=//mat-tab-body[@id='mat-tab-content-0-4']/div/div/div/div[2]/tcses-pare-action/div/form/div[18]/div/button", "xpath:idRelative"],
        ["xpath=//div[18]/div/button", "xpath:position"]
      ],
      "value": ""
    }, {
      "id": "e897bba8-2db7-489e-87b4-d057298ec6c2",
      "comment": "saveBttn",
      "command": "click",
      "target": "xpath=(//button[@id=\"save-details_az\"])[2]",
      "targets": [],
      "value": ""
    }, {
      "id": "7e83f712-ae63-4c2d-9434-7c0a90a9914a",
      "comment": "backBttn",
      "command": "click",
      "target": "xpath=(//span[contains(text(),\"Back\")])[2]",
      "targets": [],
      "value": ""
    }]
  }],
  "suites": [{
    "id": "b9ad7f26-3049-406a-bea3-6a401b70c14e",
    "name": "Default Suite",
    "persistSession": false,
    "parallel": false,
    "timeout": 300,
    "tests": ["6d4d9a49-8d35-46da-b1b9-992189d579d4"]
  }],
  "urls": ["http://tcses-modernization-alb-2044720851.ap-south-1.elb.amazonaws.com:9065/"],
  "plugins": []
}