{"testCaseStats":{"inProgress":0,"passed":1,"failed":0,"pending":0,"skipped":0,"inprogress":0},"modules":[{"inProgress":0,"name":"SD","passed":1,"failed":0,"pending":0,"skipped":0,"inprogress":0}],"browsers":[{"inProgress":0,"name":"Chrome","passed":1,"failed":0,"pending":0,"skipped":0,"inprogress":0}],"testCases":[{"testCaseName":"LoginScreen","module":"SD","browser":"Chrome","status":"Passed","totalSteps":0,"passed":0,"failed":0,"startTime":null,"endTime":null,"duration":null,"testSteps":[],"currentStepData":{"currentStep":null,"status":null}}]}